YEAR	STATE	AverageIncidence	POPULATION	REGION
1928	ALABAMA	334.99	2640000	South
1928	ALASKA	0	0	West
1928	ARIZONA	200.75	422000	West
1928	ARKANSAS	481.77	1847000	South
1928	CALIFORNIA	69.22	5344000	West
1928	COLORADO	206.98	1014000	West
1928	CONNECTICUT	634.95	1577000	Northeast
1928	DELAWARE	256.02	233000	South
1928	DISTRICT OF COLUMBIA	535.63	479000	South
1928	FLORIDA	119.58	1433000	South
1928	GEORGIA	159.73	2903000	South
1928	HAWAII	0	0	West
1928	IDAHO	19.59	449000	West
1928	ILLINOIS	98.24	7576000	Midwest
1928	INDIANA	263.67	3212000	Midwest
1928	IOWA	28.63	2450000	Midwest
1928	KANSAS	136.92	1850000	Midwest
1928	KENTUCKY	216.26	2567000	South
1928	LOUISIANA	260.33	2064000	South
1928	MAINE	401.96	797000	Northeast
1928	MARYLAND	1089.39	1610000	South
1928	MASSACHUSETTS	981.06	4217000	Northeast
1928	MICHIGAN	547.55	4665000	Midwest
1928	MINNESOTA	79.13	2592000	Midwest
1928	MISSISSIPPI	0	1981000	South
1928	MISSOURI	198.63	3601000	Midwest
1928	MONTANA	139.86	541000	West
1928	NEBRSKA	78.95	1371000	Midwest
1928	NEVADA	0	89000	West
1928	NEW HAMPSHIRE	272.15	468000	Northeast
1928	NEW JERSEY	797.14	3968000	Northeast
1928	NEW MEXICO	663.41	416000	West
1928	NEW YORK	649.97	11599000	Northeast
1928	NORTH CAROLINA	1823.69	3082000	South
1928	NORTH DAKOTA	55.73	665000	Midwest
1928	OHIO	355.92	6608000	Midwest
1928	OKLAHOMA	268.71	2344000	South
1928	OREGON	223.09	936000	West
1928	RHODE ISLAND	735.32	678000	Northeast
1928	SOUTH CAROLINA	1138.49	1739000	South
1928	SOUTH DAKOTA	160.16	685000	Midwest
1928	TENNESSEE	315.43	2624000	South
1928	TEXAS	97.35	5675000	South
1928	UTAH	16.83	504000	West
1928	VERMONT	334.8	358000	Northeast
1928	VIRGINIA	0	2435000	South
1928	WASHINGTON	344.82	1551000	West
1928	WEST VIRGINIA	195.98	1696000	South
1928	WISCONSIN	124.61	2923000	Midwest
1928	WYOMING	227	220000	West
1929	ALABAMA	111.93	2644000	South
1929	ALASKA	0	0	West
1929	ARIZONA	54.88	430000	West
1929	ARKANSAS	67.22	1852000	South
1929	CALIFORNIA	72.8	5531000	West
1929	COLORADO	74.24	1008000	West
1929	CONNECTICUT	614.82	1594000	Northeast
1929	DELAWARE	239.82	236000	South
1929	DISTRICT OF COLUMBIA	94.2	483000	South
1929	FLORIDA	78.01	1445000	South
1929	GEORGIA	40.63	2903000	South
1929	HAWAII	0	0	West
1929	IDAHO	160.37	447000	West
1929	ILLINOIS	506.18	7606000	Midwest
1929	INDIANA	322.1	3226000	Midwest
1929	IOWA	82.95	2460000	Midwest
1929	KANSAS	555.44	1867000	Midwest
1929	KENTUCKY	43.17	2606000	South
1929	LOUISIANA	88.79	2086000	South
1929	MAINE	719.17	797000	Northeast
1929	MARYLAND	126.04	1621000	South
1929	MASSACHUSETTS	351.42	4229000	Northeast
1929	MICHIGAN	376.46	4795000	Midwest
1929	MINNESOTA	492.36	2572000	Midwest
1929	MISSISSIPPI	0	1998000	South
1929	MISSOURI	183.46	3622000	Midwest
1929	MONTANA	817.76	524000	West
1929	NEBRSKA	303.03	1375000	Midwest
1929	NEVADA	0	90000	West
1929	NEW HAMPSHIRE	344.53	467000	Northeast
1929	NEW JERSEY	181.86	3989000	Northeast
1929	NEW MEXICO	54.78	420000	West
1929	NEW YORK	249.09	12171000	Northeast
1929	NORTH CAROLINA	38.49	3133000	South
1929	NORTH DAKOTA	339.19	674000	Midwest
1929	OHIO	561.14	6626000	Midwest
1929	OKLAHOMA	46.19	2372000	South
1929	OREGON	492.32	947000	West
1929	RHODE ISLAND	270.62	684000	Northeast
1929	SOUTH CAROLINA	12.2	1739000	South
1929	SOUTH DAKOTA	167.77	690000	Midwest
1929	TENNESSEE	33.04	2604000	South
1929	TEXAS	71.28	5762000	South
1929	UTAH	68.9	508000	West
1929	VERMONT	105.31	359000	Northeast
1929	VIRGINIA	0	2425000	South
1929	WASHINGTON	248.6	1555000	West
1929	WEST VIRGINIA	380.14	1717000	South
1929	WISCONSIN	1016.54	2934000	Midwest
1929	WYOMING	312.16	223000	West
1930	ALABAMA	157	2647000	South
1930	ALASKA	0	0	West
1930	ARIZONA	466.31	434000	West
1930	ARKANSAS	53.44	1859000	South
1930	CALIFORNIA	760.24	5711000	West
1930	COLORADO	1132.76	1040000	West
1930	CONNECTICUT	112.23	1613000	Northeast
1930	DELAWARE	109.25	239000	South
1930	DISTRICT OF COLUMBIA	182.1	488000	South
1930	FLORIDA	356.59	1471000	South
1930	GEORGIA	153.21	2910000	South
1930	HAWAII	0	0	West
1930	IDAHO	196.66	447000	West
1930	ILLINOIS	216.07	7644000	Midwest
1930	INDIANA	120.73	3242000	Midwest
1930	IOWA	395.59	2475000	Midwest
1930	KANSAS	666.71	1883000	Midwest
1930	KENTUCKY	70.15	2623000	South
1930	LOUISIANA	86.29	2105000	South
1930	MAINE	198.88	800000	Northeast
1930	MARYLAND	73.89	1636000	South
1930	MASSACHUSETTS	630.29	4250000	Northeast
1930	MICHIGAN	583.62	4834000	Midwest
1930	MINNESOTA	218.99	2576000	Midwest
1930	MISSISSIPPI	0	2006000	South
1930	MISSOURI	149.81	3646000	Midwest
1930	MONTANA	117.52	539000	West
1930	NEBRSKA	745.32	1380000	Midwest
1930	NEVADA	0	92000	West
1930	NEW HAMPSHIRE	126.38	466000	Northeast
1930	NEW JERSEY	602.87	4068000	Northeast
1930	NEW MEXICO	529.23	427000	West
1930	NEW YORK	315.39	12647000	Northeast
1930	NORTH CAROLINA	41.17	3167000	South
1930	NORTH DAKOTA	117	682000	Midwest
1930	OHIO	277.6	6662000	Midwest
1930	OKLAHOMA	164.93	2401000	South
1930	OREGON	276.36	956000	West
1930	RHODE ISLAND	39.23	686000	Northeast
1930	SOUTH CAROLINA	14.45	1745000	South
1930	SOUTH DAKOTA	346.31	693000	Midwest
1930	TENNESSEE	179.91	2619000	South
1930	TEXAS	73.12	5844000	South
1930	UTAH	1044.79	509000	West
1930	VERMONT	236.69	360000	Northeast
1930	VIRGINIA	0	2427000	South
1930	WASHINGTON	631.64	1568000	West
1930	WEST VIRGINIA	157.7	1733000	South
1930	WISCONSIN	748.58	2950000	Midwest
1930	WYOMING	341.55	226000	West
1931	ALABAMA	337.29	2649000	South
1931	ALASKA	0	0	West
1931	ARIZONA	497.69	429000	West
1931	ARKANSAS	45.91	1848000	South
1931	CALIFORNIA	477.48	5824000	West
1931	COLORADO	453.27	1056000	West
1931	CONNECTICUT	790.46	1628000	Northeast
1931	DELAWARE	1003.28	242000	South
1931	DISTRICT OF COLUMBIA	832.99	504000	South
1931	FLORIDA	260.79	1493000	South
1931	GEORGIA	104.39	2924000	South
1931	HAWAII	0	0	West
1931	IDAHO	25.97	454000	West
1931	ILLINOIS	516.97	7687000	Midwest
1931	INDIANA	541.21	3257000	Midwest
1931	IOWA	34.25	2482000	Midwest
1931	KANSAS	93.47	1881000	Midwest
1931	KENTUCKY	181.04	2652000	South
1931	LOUISIANA	11.47	2124000	South
1931	MAINE	434.35	807000	Northeast
1931	MARYLAND	1264.85	1657000	South
1931	MASSACHUSETTS	386.78	4248000	Northeast
1931	MICHIGAN	133.48	4798000	Midwest
1931	MINNESOTA	123.53	2614000	Midwest
1931	MISSISSIPPI	0	1994000	South
1931	MISSOURI	369.77	3711000	Midwest
1931	MONTANA	284.85	540000	West
1931	NEBRSKA	24.91	1384000	Midwest
1931	NEVADA	0	94000	West
1931	NEW HAMPSHIRE	299.15	470000	Northeast
1931	NEW JERSEY	494.19	4120000	Northeast
1931	NEW MEXICO	324.57	436000	West
1931	NEW YORK	423.22	12848000	Northeast
1931	NORTH CAROLINA	480.48	3184000	South
1931	NORTH DAKOTA	142.06	680000	Midwest
1931	OHIO	291.32	6694000	Midwest
1931	OKLAHOMA	32.17	2403000	South
1931	OREGON	242.56	966000	West
1931	RHODE ISLAND	665.05	681000	Northeast
1931	SOUTH CAROLINA	189.95	1753000	South
1931	SOUTH DAKOTA	212.36	694000	Midwest
1931	TENNESSEE	134.79	2657000	South
1931	TEXAS	39.56	5907000	South
1931	UTAH	29.72	513000	West
1931	VERMONT	318.4	359000	Northeast
1931	VIRGINIA	0	2445000	South
1931	WASHINGTON	197.43	1581000	West
1931	WEST VIRGINIA	291.38	1740000	South
1931	WISCONSIN	506.57	2990000	Midwest
1931	WYOMING	60.69	229000	West
1932	ALABAMA	10.21	2653000	South
1932	ALASKA	0	0	West
1932	ARIZONA	20.11	426000	West
1932	ARKANSAS	5.33	1836000	South
1932	CALIFORNIA	214.08	5894000	West
1932	COLORADO	222.9	1066000	West
1932	CONNECTICUT	348.27	1637000	Northeast
1932	DELAWARE	15.98	245000	South
1932	DISTRICT OF COLUMBIA	53.14	513000	South
1932	FLORIDA	13.63	1521000	South
1932	GEORGIA	34.36	2935000	South
1932	HAWAII	0	0	West
1932	IDAHO	8.76	459000	West
1932	ILLINOIS	208.31	7736000	Midwest
1932	INDIANA	88.78	3281000	Midwest
1932	IOWA	6.32	2489000	Midwest
1932	KANSAS	326.64	1883000	Midwest
1932	KENTUCKY	72.99	2676000	South
1932	LOUISIANA	67.44	2155000	South
1932	MAINE	1086.28	815000	Northeast
1932	MARYLAND	65.17	1678000	South
1932	MASSACHUSETTS	463.19	4259000	Northeast
1932	MICHIGAN	881.09	4780000	Midwest
1932	MINNESOTA	95.11	2646000	Midwest
1932	MISSISSIPPI	0	2004000	South
1932	MISSOURI	43.16	3746000	Midwest
1932	MONTANA	1007.97	540000	West
1932	NEBRSKA	31.61	1386000	Midwest
1932	NEVADA	0	96000	West
1932	NEW HAMPSHIRE	151.26	474000	Northeast
1932	NEW JERSEY	373.96	4120000	Northeast
1932	NEW MEXICO	271.9	441000	West
1932	NEW YORK	465.06	13001000	Northeast
1932	NORTH CAROLINA	423.04	3227000	South
1932	NORTH DAKOTA	318.07	676000	Midwest
1932	OHIO	539.34	6717000	Midwest
1932	OKLAHOMA	43.17	2394000	South
1932	OREGON	514.2	972000	West
1932	RHODE ISLAND	1472.69	677000	Northeast
1932	SOUTH CAROLINA	182.58	1748000	South
1932	SOUTH DAKOTA	96.37	692000	Midwest
1932	TENNESSEE	68.99	2711000	South
1932	TEXAS	76.58	5961000	South
1932	UTAH	13.91	517000	West
1932	VERMONT	1146.08	358000	Northeast
1932	VIRGINIA	53.4	2452000	South
1932	WASHINGTON	631.93	1584000	West
1932	WEST VIRGINIA	599.65	1747000	South
1932	WISCONSIN	935.31	3021000	Midwest
1932	WYOMING	242.1	230000	West
1933	ALABAMA	65.22	2661000	South
1933	ALASKA	0	0	West
1933	ARIZONA	296.01	426000	West
1933	ARKANSAS	293.32	1854000	South
1933	CALIFORNIA	445.28	5963000	West
1933	COLORADO	27.69	1071000	West
1933	CONNECTICUT	330.66	1642000	Northeast
1933	DELAWARE	82.68	248000	South
1933	DISTRICT OF COLUMBIA	100.8	529000	South
1933	FLORIDA	63.93	1552000	South
1933	GEORGIA	156.88	2950000	South
1933	HAWAII	0	0	West
1933	IDAHO	193.59	464000	West
1933	ILLINOIS	155.65	7768000	Midwest
1933	INDIANA	108.02	3304000	Midwest
1933	IOWA	33.01	2495000	Midwest
1933	KANSAS	335.08	1877000	Midwest
1933	KENTUCKY	57.86	2698000	South
1933	LOUISIANA	42.77	2178000	South
1933	MAINE	13.39	821000	Northeast
1933	MARYLAND	41.18	1694000	South
1933	MASSACHUSETTS	351.86	4282000	Northeast
1933	MICHIGAN	462.14	4780000	Midwest
1933	MINNESOTA	752.33	2673000	Midwest
1933	MISSISSIPPI	0	2031000	South
1933	MISSOURI	152.96	3773000	Midwest
1933	MONTANA	419.57	541000	West
1933	NEBRSKA	117.35	1385000	Midwest
1933	NEVADA	0	96000	West
1933	NEW HAMPSHIRE	218.48	477000	Northeast
1933	NEW JERSEY	726.94	4107000	Northeast
1933	NEW MEXICO	148.8	449000	West
1933	NEW YORK	549	13126000	Northeast
1933	NORTH CAROLINA	495.59	3268000	South
1933	NORTH DAKOTA	373.64	674000	Midwest
1933	OHIO	233.67	6740000	Midwest
1933	OKLAHOMA	101.87	2392000	South
1933	OREGON	230.37	978000	West
1933	RHODE ISLAND	9.36	675000	Northeast
1933	SOUTH CAROLINA	360.64	1752000	South
1933	SOUTH DAKOTA	299.08	690000	Midwest
1933	TENNESSEE	133.48	2747000	South
1933	TEXAS	361.4	6014000	South
1933	UTAH	402.1	520000	West
1933	VERMONT	312.58	357000	Northeast
1933	VIRGINIA	351.88	2460000	South
1933	WASHINGTON	155.84	1592000	West
1933	WEST VIRGINIA	303.34	1752000	South
1933	WISCONSIN	317.48	3040000	Midwest
1933	WYOMING	249.06	230000	West
1934	ALABAMA	590.27	2685000	South
1934	ALASKA	0	0	West
1934	ARIZONA	238.81	428000	West
1934	ARKANSAS	384.57	1878000	South
1934	CALIFORNIA	423.26	6060000	West
1934	COLORADO	1204.25	1075000	West
1934	CONNECTICUT	282.35	1650000	Northeast
1934	DELAWARE	1225.2	250000	South
1934	DISTRICT OF COLUMBIA	1137.49	568000	South
1934	FLORIDA	505.65	1585000	South
1934	GEORGIA	774.78	2964000	South
1934	HAWAII	0	0	West
1934	IDAHO	252.43	473000	West
1934	ILLINOIS	574.84	7772000	Midwest
1934	INDIANA	631.03	3319000	Midwest
1934	IOWA	346.39	2510000	Midwest
1934	KANSAS	538.84	1868000	Midwest
1934	KENTUCKY	422.55	2722000	South
1934	LOUISIANA	220.96	2202000	South
1934	MAINE	78.02	829000	Northeast
1934	MARYLAND	1575.91	1710000	South
1934	MASSACHUSETTS	1039.49	4305000	Northeast
1934	MICHIGAN	132.48	4798000	Midwest
1934	MINNESOTA	313.6	2695000	Midwest
1934	MISSISSIPPI	0	2050000	South
1934	MISSOURI	539.48	3784000	Midwest
1934	MONTANA	355.92	545000	West
1934	NEBRSKA	331.03	1382000	Midwest
1934	NEVADA	0	98000	West
1934	NEW HAMPSHIRE	846.7	480000	Northeast
1934	NEW JERSEY	359.92	4089000	Northeast
1934	NEW MEXICO	731.9	461000	West
1934	NEW YORK	258.13	13253000	Northeast
1934	NORTH CAROLINA	1685.34	3304000	South
1934	NORTH DAKOTA	657.63	672000	Midwest
1934	OHIO	410.5	6751000	Midwest
1934	OKLAHOMA	378.08	2391000	South
1934	OREGON	193.5	985000	West
1934	RHODE ISLAND	65.79	675000	Northeast
1934	SOUTH CAROLINA	637.61	1760000	South
1934	SOUTH DAKOTA	1373.94	682000	Midwest
1934	TENNESSEE	647.85	2784000	South
1934	TEXAS	490.66	6053000	South
1934	UTAH	2184.87	522000	West
1934	VERMONT	380.66	357000	Northeast
1934	VIRGINIA	1158.76	2485000	South
1934	WASHINGTON	473.84	1610000	West
1934	WEST VIRGINIA	231.8	1771000	South
1934	WISCONSIN	1332.84	3054000	Midwest
1934	WYOMING	967.44	233000	West
1935	ALABAMA	265.34	2719000	South
1935	ALASKA	0	0	West
1935	ARIZONA	135.02	434000	West
1935	ARKANSAS	80.33	1890000	South
1935	CALIFORNIA	466.38	6175000	West
1935	COLORADO	1186.07	1078000	West
1935	CONNECTICUT	1449.49	1666000	Northeast
1935	DELAWARE	412.7	252000	South
1935	DISTRICT OF COLUMBIA	152.73	608000	South
1935	FLORIDA	72.77	1613000	South
1935	GEORGIA	1.05	2955000	South
1935	HAWAII	0	0	West
1935	IDAHO	182.33	481000	West
1935	ILLINOIS	746.81	7797000	Midwest
1935	INDIANA	299.12	3332000	Midwest
1935	IOWA	865.65	2524000	Midwest
1935	KANSAS	1399.01	1872000	Midwest
1935	KENTUCKY	533.77	2748000	South
1935	LOUISIANA	117.22	2228000	South
1935	MAINE	857.76	836000	Northeast
1935	MARYLAND	133.17	1729000	South
1935	MASSACHUSETTS	286.73	4343000	Northeast
1935	MICHIGAN	1600.88	4838000	Midwest
1935	MINNESOTA	1062	2717000	Midwest
1935	MISSISSIPPI	0	2061000	South
1935	MISSOURI	345.19	3798000	Midwest
1935	MONTANA	1422.57	550000	West
1935	NEBRSKA	639.7	1375000	Midwest
1935	NEVADA	0	100000	West
1935	NEW HAMPSHIRE	55.13	481000	Northeast
1935	NEW JERSEY	792.91	4085000	Northeast
1935	NEW MEXICO	147.97	475000	West
1935	NEW YORK	516.43	13375000	Northeast
1935	NORTH CAROLINA	323.87	3323000	South
1935	NORTH DAKOTA	290.45	670000	Midwest
1935	OHIO	544.79	6787000	Midwest
1935	OKLAHOMA	102.91	2386000	South
1935	OREGON	705.43	1001000	West
1935	RHODE ISLAND	994.05	678000	Northeast
1935	SOUTH CAROLINA	46.26	1769000	South
1935	SOUTH DAKOTA	167.25	674000	Midwest
1935	TENNESSEE	51.31	2798000	South
1935	TEXAS	64.07	6123000	South
1935	UTAH	50.16	526000	West
1935	VERMONT	389.3	357000	Northeast
1935	VIRGINIA	727.35	2520000	South
1935	WASHINGTON	525.47	1629000	West
1935	WEST VIRGINIA	605.9	1794000	South
1935	WISCONSIN	1415.38	3070000	Midwest
1935	WYOMING	935.42	237000	West
1936	ALABAMA	20.78	2743000	South
1936	ALASKA	0	0	West
1936	ARIZONA	525.5	443000	West
1936	ARKANSAS	5.66	1892000	South
1936	CALIFORNIA	773.54	6341000	West
1936	COLORADO	54.74	1090000	West
1936	CONNECTICUT	228.97	1672000	Northeast
1936	DELAWARE	555.96	253000	South
1936	DISTRICT OF COLUMBIA	335.59	629000	South
1936	FLORIDA	18.22	1651000	South
1936	GEORGIA	0.27	2978000	South
1936	HAWAII	0	0	West
1936	IDAHO	262.62	495000	West
1936	ILLINOIS	15.43	7840000	Midwest
1936	INDIANA	21.15	3348000	Midwest
1936	IOWA	8	2509000	Midwest
1936	KANSAS	23.17	1869000	Midwest
1936	KENTUCKY	79.66	2768000	South
1936	LOUISIANA	57.67	2246000	South
1936	MAINE	891.89	840000	Northeast
1936	MARYLAND	405.28	1745000	South
1936	MASSACHUSETTS	613.81	4355000	Northeast
1936	MICHIGAN	47.72	4889000	Midwest
1936	MINNESOTA	283.03	2734000	Midwest
1936	MISSISSIPPI	0	2072000	South
1936	MISSOURI	17.37	3801000	Midwest
1936	MONTANA	81.57	554000	West
1936	NEBRSKA	86.34	1358000	Midwest
1936	NEVADA	0	101000	West
1936	NEW HAMPSHIRE	185.39	481000	Northeast
1936	NEW JERSEY	215.06	4084000	Northeast
1936	NEW MEXICO	234.94	489000	West
1936	NEW YORK	477.48	13481000	Northeast
1936	NORTH CAROLINA	40.3	3346000	South
1936	NORTH DAKOTA	16.52	664000	Midwest
1936	OHIO	136.53	6801000	Midwest
1936	OKLAHOMA	15.22	2365000	South
1936	OREGON	919.15	1025000	West
1936	RHODE ISLAND	368.69	686000	Northeast
1936	SOUTH CAROLINA	48.24	1781000	South
1936	SOUTH DAKOTA	33.6	666000	Midwest
1936	TENNESSEE	50.18	2791000	South
1936	TEXAS	125.58	6192000	South
1936	UTAH	117.89	527000	West
1936	VERMONT	2974.79	357000	Northeast
1936	VIRGINIA	127.83	2552000	South
1936	WASHINGTON	463.74	1653000	West
1936	WEST VIRGINIA	63.26	1808000	South
1936	WISCONSIN	126.57	3082000	Midwest
1936	WYOMING	57.52	240000	West
1937	ALABAMA	22.46	2762000	South
1937	ALASKA	0	0	West
1937	ARIZONA	837.3	453000	West
1937	ARKANSAS	16.98	1903000	South
1937	CALIFORNIA	78.26	6528000	West
1937	COLORADO	93	1104000	West
1937	CONNECTICUT	606.76	1678000	Northeast
1937	DELAWARE	707.1	254000	South
1937	DISTRICT OF COLUMBIA	333.27	616000	South
1937	FLORIDA	23.08	1709000	South
1937	GEORGIA	0	3037000	South
1937	HAWAII	0	0	West
1937	IDAHO	243.15	507000	West
1937	ILLINOIS	146.95	7857000	Midwest
1937	INDIANA	210.12	3374000	Midwest
1937	IOWA	10.76	2498000	Midwest
1937	KANSAS	42.11	1856000	Midwest
1937	KENTUCKY	245.75	2784000	South
1937	LOUISIANA	20.71	2257000	South
1937	MAINE	134.35	842000	Northeast
1937	MARYLAND	698.17	1754000	South
1937	MASSACHUSETTS	478.32	4358000	Northeast
1937	MICHIGAN	115.59	4968000	Midwest
1937	MINNESOTA	25.12	2746000	Midwest
1937	MISSISSIPPI	0	2086000	South
1937	MISSOURI	186.45	3794000	Midwest
1937	MONTANA	111.71	554000	West
1937	NEBRSKA	34.46	1339000	Midwest
1937	NEVADA	0	103000	West
1937	NEW HAMPSHIRE	393.13	481000	Northeast
1937	NEW JERSEY	1108.94	4088000	Northeast
1937	NEW MEXICO	487.27	503000	West
1937	NEW YORK	202.81	13511000	Northeast
1937	NORTH CAROLINA	226.07	3385000	South
1937	NORTH DAKOTA	8.4	655000	Midwest
1937	OHIO	366.37	6809000	Midwest
1937	OKLAHOMA	45.62	2334000	South
1937	OREGON	38.19	1048000	West
1937	RHODE ISLAND	679.22	694000	Northeast
1937	SOUTH CAROLINA	99.18	1802000	South
1937	SOUTH DAKOTA	9.84	656000	Midwest
1937	TENNESSEE	106.41	2795000	South
1937	TEXAS	235.14	6250000	South
1937	UTAH	396.79	529000	West
1937	VERMONT	289.31	356000	Northeast
1937	VIRGINIA	337.39	2590000	South
1937	WASHINGTON	103.34	1681000	West
1937	WEST VIRGINIA	110.04	1813000	South
1937	WISCONSIN	66.55	3088000	Midwest
1937	WYOMING	69.91	243000	West
1938	ALABAMA	496.44	2787000	South
1938	ALASKA	0	0	West
1938	ARIZONA	149.34	466000	West
1938	ARKANSAS	356.73	1928000	South
1938	CALIFORNIA	278.32	6656000	West
1938	COLORADO	823.71	1112000	West
1938	CONNECTICUT	107.56	1684000	Northeast
1938	DELAWARE	236.02	257000	South
1938	DISTRICT OF COLUMBIA	115.59	638000	South
1938	FLORIDA	517.83	1771000	South
1938	GEORGIA	299.92	3091000	South
1938	HAWAII	0	0	West
1938	IDAHO	425.67	513000	West
1938	ILLINOIS	1145.16	7866000	Midwest
1938	INDIANA	523.18	3386000	Midwest
1938	IOWA	223.17	2494000	Midwest
1938	KANSAS	583.06	1842000	Midwest
1938	KENTUCKY	393.49	2800000	South
1938	LOUISIANA	44.77	2285000	South
1938	MAINE	509.67	843000	Northeast
1938	MARYLAND	159.06	1766000	South
1938	MASSACHUSETTS	229.97	4365000	Northeast
1938	MICHIGAN	1505.5	5056000	Midwest
1938	MINNESOTA	256.2	2753000	Midwest
1938	MISSISSIPPI	0	2127000	South
1938	MISSOURI	525.47	3781000	Midwest
1938	MONTANA	1119.76	552000	West
1938	NEBRSKA	209.06	1326000	Midwest
1938	NEVADA	0	105000	West
1938	NEW HAMPSHIRE	341.34	485000	Northeast
1938	NEW JERSEY	716.98	4100000	Northeast
1938	NEW MEXICO	628.89	513000	West
1938	NEW YORK	518.84	13512000	Northeast
1938	NORTH CAROLINA	1383.37	3440000	South
1938	NORTH DAKOTA	863.45	647000	Midwest
1938	OHIO	694.27	6837000	Midwest
1938	OKLAHOMA	116.62	2324000	South
1938	OREGON	121.89	1067000	West
1938	RHODE ISLAND	35.95	694000	Northeast
1938	SOUTH CAROLINA	373.4	1834000	South
1938	SOUTH DAKOTA	212.46	649000	Midwest
1938	TENNESSEE	403.65	2821000	South
1938	TEXAS	95.34	6301000	South
1938	UTAH	1808.86	535000	West
1938	VERMONT	1652.64	356000	Northeast
1938	VIRGINIA	475.81	2638000	South
1938	WASHINGTON	112.23	1698000	West
1938	WEST VIRGINIA	595.16	1828000	South
1938	WISCONSIN	2348.05	3098000	Midwest
1938	WYOMING	360.59	246000	West
1939	ALABAMA	182.64	2814000	South
1939	ALASKA	0	0	West
1939	ARIZONA	144.02	484000	West
1939	ARKANSAS	123.51	1948000	South
1939	CALIFORNIA	939.48	6785000	West
1939	COLORADO	525.21	1120000	West
1939	CONNECTICUT	937.54	1696000	Northeast
1939	DELAWARE	94.63	263000	South
1939	DISTRICT OF COLUMBIA	497.42	658000	South
1939	FLORIDA	157.53	1836000	South
1939	GEORGIA	115.95	3120000	South
1939	HAWAII	0	0	West
1939	IDAHO	694.15	521000	West
1939	ILLINOIS	100.12	7890000	Midwest
1939	INDIANA	59.79	3403000	Midwest
1939	IOWA	209.13	2520000	Midwest
1939	KANSAS	158.21	1824000	Midwest
1939	KENTUCKY	79.78	2825000	South
1939	LOUISIANA	157.03	2334000	South
1939	MAINE	271.09	846000	Northeast
1939	MARYLAND	852.92	1793000	South
1939	MASSACHUSETTS	546.19	4347000	Northeast
1939	MICHIGAN	328.17	5156000	Midwest
1939	MINNESOTA	655.68	2771000	Midwest
1939	MISSISSIPPI	0	2168000	South
1939	MISSOURI	76.61	3783000	Midwest
1939	MONTANA	1973.32	555000	West
1939	NEBRSKA	276.01	1318000	Midwest
1939	NEVADA	0	107000	West
1939	NEW HAMPSHIRE	133.99	490000	Northeast
1939	NEW JERSEY	104.83	4129000	Northeast
1939	NEW MEXICO	316.1	523000	West
1939	NEW YORK	331.36	13523000	Northeast
1939	NORTH CAROLINA	664.5	3514000	South
1939	NORTH DAKOTA	843.21	644000	Midwest
1939	OHIO	74	6886000	Midwest
1939	OKLAHOMA	194.44	2333000	South
1939	OREGON	219.8	1081000	West
1939	RHODE ISLAND	416.85	701000	Northeast
1939	SOUTH CAROLINA	60.34	1872000	South
1939	SOUTH DAKOTA	1173.78	645000	Midwest
1939	TENNESSEE	108.43	2874000	South
1939	TEXAS	115.98	6360000	South
1939	UTAH	1002.23	543000	West
1939	VERMONT	1029.19	358000	Northeast
1939	VIRGINIA	394.24	2670000	South
1939	WASHINGTON	1158.16	1715000	West
1939	WEST VIRGINIA	99.07	1868000	South
1939	WISCONSIN	768.04	3121000	Midwest
1939	WYOMING	1392.34	248000	West
1940	ALABAMA	115.12	2845000	South
1940	ALASKA	0	0	West
1940	ARIZONA	339.06	499000	West
1940	ARKANSAS	72	1955000	South
1940	CALIFORNIA	376.44	6950000	West
1940	COLORADO	231.8	1130000	West
1940	CONNECTICUT	376.52	1708000	Northeast
1940	DELAWARE	36.04	269000	South
1940	DISTRICT OF COLUMBIA	126.99	690000	South
1940	FLORIDA	114.19	1915000	South
1940	GEORGIA	93.84	3119000	South
1940	HAWAII	0	0	West
1940	IDAHO	337.53	522000	West
1940	ILLINOIS	84.14	7905000	Midwest
1940	INDIANA	16.65	3433000	Midwest
1940	IOWA	212.6	2537000	Midwest
1940	KANSAS	450.3	1788000	Midwest
1940	KENTUCKY	97.62	2859000	South
1940	LOUISIANA	47.78	2370000	South
1940	MAINE	837.74	849000	Northeast
1940	MARYLAND	233.84	1839000	South
1940	MASSACHUSETTS	498.72	4318000	Northeast
1940	MICHIGAN	299.7	5315000	Midwest
1940	MINNESOTA	300.31	2790000	Midwest
1940	MISSISSIPPI	0	2176000	South
1940	MISSOURI	15.55	3786000	Midwest
1940	MONTANA	476.48	558000	West
1940	NEBRSKA	129.04	1316000	Midwest
1940	NEVADA	0	113000	West
1940	NEW HAMPSHIRE	147.66	492000	Northeast
1940	NEW JERSEY	301.99	4175000	Northeast
1940	NEW MEXICO	216.63	531000	West
1940	NEW YORK	212.23	13456000	Northeast
1940	NORTH CAROLINA	210.27	3574000	South
1940	NORTH DAKOTA	149.05	640000	Midwest
1940	OHIO	22.4	6929000	Midwest
1940	OKLAHOMA	60.4	2325000	South
1940	OREGON	671.12	1086000	West
1940	RHODE ISLAND	467.72	719000	Northeast
1940	SOUTH CAROLINA	32.32	1902000	South
1940	SOUTH DAKOTA	253.83	641000	Midwest
1940	TENNESSEE	95.17	2935000	South
1940	TEXAS	249.88	6425000	South
1940	UTAH	1363.22	552000	West
1940	VERMONT	241.07	363000	Northeast
1940	VIRGINIA	203.84	2720000	South
1940	WASHINGTON	919.59	1740000	West
1940	WEST VIRGINIA	29.79	1907000	South
1940	WISCONSIN	636.45	3143000	Midwest
1940	WYOMING	393.6	250000	West
1941	ALABAMA	297.47	2902000	South
1941	ALASKA	0	0	West
1941	ARIZONA	615.29	490000	West
1941	ARKANSAS	273.89	1969000	South
1941	CALIFORNIA	174.42	7237000	West
1941	COLORADO	661.75	1124000	West
1941	CONNECTICUT	364.57	1746000	Northeast
1941	DELAWARE	1268.35	275000	South
1941	DISTRICT OF COLUMBIA	488.19	764000	South
1941	FLORIDA	459.76	2017000	South
1941	GEORGIA	294.12	3179000	South
1941	HAWAII	0	0	West
1941	IDAHO	102.03	501000	West
1941	ILLINOIS	613.14	7995000	Midwest
1941	INDIANA	381.63	3483000	Midwest
1941	IOWA	197.87	2491000	Midwest
1941	KANSAS	764.47	1765000	Midwest
1941	KENTUCKY	610.5	2824000	South
1941	LOUISIANA	35.01	2484000	South
1941	MAINE	557.7	852000	Northeast
1941	MARYLAND	384.33	1913000	South
1941	MASSACHUSETTS	474.01	4389000	Northeast
1941	MICHIGAN	1119.5	5472000	Midwest
1941	MINNESOTA	35.34	2718000	Midwest
1941	MISSISSIPPI	0	2184000	South
1941	MISSOURI	175.17	3811000	Midwest
1941	MONTANA	161.21	543000	West
1941	NEBRSKA	34.6	1272000	Midwest
1941	NEVADA	275.84	120000	West
1941	NEW HAMPSHIRE	201.98	490000	Northeast
1941	NEW JERSEY	1044.54	4254000	Northeast
1941	NEW MEXICO	778.1	506000	West
1941	NEW YORK	789.51	13267000	Northeast
1941	NORTH CAROLINA	658.4	3589000	South
1941	NORTH DAKOTA	223.2	615000	Midwest
1941	OHIO	1132.77	6958000	Midwest
1941	OKLAHOMA	88.78	2262000	South
1941	OREGON	607.51	1071000	West
1941	RHODE ISLAND	57.67	731000	Northeast
1941	SOUTH CAROLINA	481.97	1962000	South
1941	SOUTH DAKOTA	61.34	613000	Midwest
1941	TENNESSEE	278.13	2973000	South
1941	TEXAS	308.34	6585000	South
1941	UTAH	281.09	551000	West
1941	VERMONT	384.64	348000	Northeast
1941	VIRGINIA	1035.28	2855000	South
1941	WASHINGTON	118.23	1789000	West
1941	WEST VIRGINIA	592.24	1885000	South
1941	WISCONSIN	993.07	3140000	Midwest
1941	WYOMING	381.73	247000	West
1942	ALABAMA	126.15	2941000	South
1942	ALASKA	0	0	West
1942	ARIZONA	740.83	524000	West
1942	ARKANSAS	232.7	1977000	South
1942	CALIFORNIA	1222.01	7735000	West
1942	COLORADO	505.49	1113000	West
1942	CONNECTICUT	587.88	1792000	Northeast
1942	DELAWARE	90.16	279000	South
1942	DISTRICT OF COLUMBIA	190.76	851000	South
1942	FLORIDA	189.61	2151000	South
1942	GEORGIA	168.74	3209000	South
1942	HAWAII	0	0	West
1942	IDAHO	395.08	478000	West
1942	ILLINOIS	132.69	8057000	Midwest
1942	INDIANA	94.99	3507000	Midwest
1942	IOWA	254.79	2439000	Midwest
1942	KANSAS	535.23	1760000	Midwest
1942	KENTUCKY	84.08	2797000	South
1942	LOUISIANA	123.74	2546000	South
1942	MAINE	540.61	839000	Northeast
1942	MARYLAND	535.19	1998000	South
1942	MASSACHUSETTS	564.89	4370000	Northeast
1942	MICHIGAN	168.35	5549000	Midwest
1942	MINNESOTA	567.73	2662000	Midwest
1942	MISSISSIPPI	0	2210000	South
1942	MISSOURI	178.71	3829000	Midwest
1942	MONTANA	588.48	518000	West
1942	NEBRSKA	428.55	1239000	Midwest
1942	NEVADA	811.69	137000	West
1942	NEW HAMPSHIRE	167.14	481000	Northeast
1942	NEW JERSEY	322.1	4297000	Northeast
1942	NEW MEXICO	315.64	502000	West
1942	NEW YORK	191.24	13002000	Northeast
1942	NORTH CAROLINA	564.86	3569000	South
1942	NORTH DAKOTA	274.08	583000	Midwest
1942	OHIO	127.08	6969000	Midwest
1942	OKLAHOMA	260.92	2215000	South
1942	OREGON	499.14	1107000	West
1942	RHODE ISLAND	609.25	748000	Northeast
1942	SOUTH CAROLINA	218.23	2007000	South
1942	SOUTH DAKOTA	143.09	589000	Midwest
1942	TENNESSEE	106.34	2939000	South
1942	TEXAS	517.23	6711000	South
1942	UTAH	2589.06	575000	West
1942	VERMONT	1071.29	343000	Northeast
1942	VIRGINIA	177.59	3038000	South
1942	WASHINGTON	645.64	1901000	West
1942	WEST VIRGINIA	303.97	1831000	South
1942	WISCONSIN	781.79	3053000	Midwest
1942	WYOMING	635.27	251000	West
1943	ALABAMA	130.82	2902000	South
1943	ALASKA	0	0	West
1943	ARIZONA	172.44	692000	West
1943	ARKANSAS	162.6	1843000	South
1943	CALIFORNIA	340.06	8506000	West
1943	COLORADO	976.97	1153000	West
1943	CONNECTICUT	550.38	1792000	Northeast
1943	DELAWARE	564.55	282000	South
1943	DISTRICT OF COLUMBIA	234.27	900000	South
1943	FLORIDA	68.57	2451000	South
1943	GEORGIA	126.45	3245000	South
1943	HAWAII	0	0	West
1943	IDAHO	650.9	500000	West
1943	ILLINOIS	328.45	7761000	Midwest
1943	INDIANA	263	3449000	Midwest
1943	IOWA	242.8	2334000	Midwest
1943	KANSAS	547.84	1796000	Midwest
1943	KENTUCKY	383.79	2693000	South
1943	LOUISIANA	106.44	2565000	South
1943	MAINE	297.99	806000	Northeast
1943	MARYLAND	196.78	2089000	South
1943	MASSACHUSETTS	752.17	4257000	Northeast
1943	MICHIGAN	765.18	5405000	Midwest
1943	MINNESOTA	398.01	2577000	Midwest
1943	MISSISSIPPI	0	2280000	South
1943	MISSOURI	196.08	3705000	Midwest
1943	MONTANA	1122.06	485000	West
1943	NEBRSKA	401.02	1241000	Midwest
1943	NEVADA	397.32	151000	West
1943	NEW HAMPSHIRE	211.18	462000	Northeast
1943	NEW JERSEY	927.14	4226000	Northeast
1943	NEW MEXICO	105.71	534000	West
1943	NEW YORK	478.18	12807000	Northeast
1943	NORTH CAROLINA	165.96	3654000	South
1943	NORTH DAKOTA	798.53	546000	Midwest
1943	OHIO	276.41	6868000	Midwest
1943	OKLAHOMA	76.06	2205000	South
1943	OREGON	693.95	1221000	West
1943	RHODE ISLAND	296.39	760000	Northeast
1943	SOUTH CAROLINA	153.66	1967000	South
1943	SOUTH DAKOTA	507.31	587000	Midwest
1943	TENNESSEE	194.95	2972000	South
1943	TEXAS	233.42	7012000	South
1943	UTAH	1211.27	631000	West
1943	VERMONT	2323.73	327000	Northeast
1943	VIRGINIA	341.34	3130000	South
1943	WASHINGTON	765.07	2027000	West
1943	WEST VIRGINIA	133.75	1741000	South
1943	WISCONSIN	1290.54	3014000	Midwest
1943	WYOMING	1088.61	247000	West
1944	ALABAMA	252.87	2802000	South
1944	ALASKA	0	0	West
1944	ARIZONA	736.71	610000	West
1944	ARKANSAS	207.51	1768000	South
1944	CALIFORNIA	599.97	8945000	West
1944	COLORADO	556.49	1137000	West
1944	CONNECTICUT	493.5	1778000	Northeast
1944	DELAWARE	138.4	285000	South
1944	DISTRICT OF COLUMBIA	310.09	881000	South
1944	FLORIDA	189.74	2420000	South
1944	GEORGIA	171.51	3176000	South
1944	HAWAII	0	0	West
1944	IDAHO	182.34	529000	West
1944	ILLINOIS	239.79	7719000	Midwest
1944	INDIANA	149.11	3440000	Midwest
1944	IOWA	201.38	2301000	Midwest
1944	KANSAS	551.62	1779000	Midwest
1944	KENTUCKY	86.5	2631000	South
1944	LOUISIANA	104	2508000	South
1944	MAINE	611.07	801000	Northeast
1944	MARYLAND	613.78	2118000	South
1944	MASSACHUSETTS	433.48	4192000	Northeast
1944	MICHIGAN	466.94	5467000	Midwest
1944	MINNESOTA	770.53	2526000	Midwest
1944	MISSISSIPPI	0	2167000	South
1944	MISSOURI	155.96	3560000	Midwest
1944	MONTANA	720.79	469000	West
1944	NEBRSKA	186.13	1216000	Midwest
1944	NEVADA	244.43	153000	West
1944	NEW HAMPSHIRE	126.01	456000	Northeast
1944	NEW JERSEY	658.66	4158000	Northeast
1944	NEW MEXICO	303.73	527000	West
1944	NEW YORK	334.85	12628000	Northeast
1944	NORTH CAROLINA	671.48	3560000	South
1944	NORTH DAKOTA	644.36	534000	Midwest
1944	OHIO	557.93	6918000	Midwest
1944	OKLAHOMA	166.8	2043000	South
1944	OREGON	239.87	1233000	West
1944	RHODE ISLAND	535.99	795000	Northeast
1944	SOUTH CAROLINA	363.6	1943000	South
1944	SOUTH DAKOTA	258.73	565000	Midwest
1944	TENNESSEE	184.38	2868000	South
1944	TEXAS	542.2	6876000	South
1944	UTAH	200.67	605000	West
1944	VERMONT	751.46	314000	Northeast
1944	VIRGINIA	475.42	3248000	South
1944	WASHINGTON	264.04	2092000	West
1944	WEST VIRGINIA	497.22	1706000	South
1944	WISCONSIN	1407.91	2980000	Midwest
1944	WYOMING	728.08	242000	West
1945	ALABAMA	27.33	2775000	South
1945	ALASKA	0	0	West
1945	ARIZONA	93.74	594000	West
1945	ARKANSAS	69.5	1762000	South
1945	CALIFORNIA	339.44	9344000	West
1945	COLORADO	95.91	1116000	West
1945	CONNECTICUT	170.2	1769000	Northeast
1945	DELAWARE	96.86	286000	South
1945	DISTRICT OF COLUMBIA	39.59	876000	South
1945	FLORIDA	39.63	2465000	South
1945	GEORGIA	27.53	3119000	South
1945	HAWAII	0	0	West
1945	IDAHO	259.93	507000	West
1945	ILLINOIS	103.25	7601000	Midwest
1945	INDIANA	33.51	3427000	Midwest
1945	IOWA	61.4	2308000	Midwest
1945	KANSAS	95.98	1731000	Midwest
1945	KENTUCKY	61.13	2597000	South
1945	LOUISIANA	41.15	2429000	South
1945	MAINE	61.29	800000	Northeast
1945	MARYLAND	87.4	2096000	South
1945	MASSACHUSETTS	186.66	4201000	Northeast
1945	MICHIGAN	121.24	5475000	Midwest
1945	MINNESOTA	62.96	2537000	Midwest
1945	MISSISSIPPI	0	2090000	South
1945	MISSOURI	30.22	3516000	Midwest
1945	MONTANA	175.29	477000	West
1945	NEBRSKA	71.57	1211000	Midwest
1945	NEVADA	71.8	149000	West
1945	NEW HAMPSHIRE	33.9	459000	Northeast
1945	NEW JERSEY	78.87	4108000	Northeast
1945	NEW MEXICO	67.9	537000	West
1945	NEW YORK	52.41	12495000	Northeast
1945	NORTH CAROLINA	72.5	3533000	South
1945	NORTH DAKOTA	64.11	546000	Midwest
1945	OHIO	49.82	6916000	Midwest
1945	OKLAHOMA	51.13	2028000	South
1945	OREGON	156.32	1250000	West
1945	RHODE ISLAND	55.54	776000	Northeast
1945	SOUTH CAROLINA	78.91	1934000	South
1945	SOUTH DAKOTA	100.63	579000	Midwest
1945	TENNESSEE	65.8	2878000	South
1945	TEXAS	188.86	6826000	South
1945	UTAH	746.1	591000	West
1945	VERMONT	179.96	315000	Northeast
1945	VIRGINIA	64.45	3193000	South
1945	WASHINGTON	291.68	2206000	West
1945	WEST VIRGINIA	79.64	1708000	South
1945	WISCONSIN	165.62	2961000	Midwest
1945	WYOMING	157.78	239000	West
1946	ALABAMA	126.75	2911000	South
1946	ALASKA	0	0	West
1946	ARIZONA	498.69	616000	West
1946	ARKANSAS	168.47	1797000	South
1946	CALIFORNIA	575.16	9559000	West
1946	COLORADO	992.74	1203000	West
1946	CONNECTICUT	397.91	1906000	Northeast
1946	DELAWARE	198.98	299000	South
1946	DISTRICT OF COLUMBIA	465.92	899000	South
1946	FLORIDA	116.89	2440000	South
1946	GEORGIA	117.11	3242000	South
1946	HAWAII	0	0	West
1946	IDAHO	433.6	509000	West
1946	ILLINOIS	298.12	8155000	Midwest
1946	INDIANA	293.05	3702000	Midwest
1946	IOWA	160.44	2467000	Midwest
1946	KANSAS	658.17	1805000	Midwest
1946	KENTUCKY	269.63	2761000	South
1946	LOUISIANA	126.32	2556000	South
1946	MAINE	578	832000	Northeast
1946	MARYLAND	488.43	2214000	South
1946	MASSACHUSETTS	798.36	4494000	Northeast
1946	MICHIGAN	627.93	5874000	Midwest
1946	MINNESOTA	44.79	2734000	Midwest
1946	MISSISSIPPI	0	2064000	South
1946	MISSOURI	166.93	3746000	Midwest
1946	MONTANA	422.65	514000	West
1946	NEBRSKA	395.65	1256000	Midwest
1946	NEVADA	125.9	143000	West
1946	NEW HAMPSHIRE	226.71	494000	Northeast
1946	NEW JERSEY	1151.75	4492000	Northeast
1946	NEW MEXICO	215.41	561000	West
1946	NEW YORK	600.82	13398000	Northeast
1946	NORTH CAROLINA	225.16	3706000	South
1946	NORTH DAKOTA	40.84	570000	Midwest
1946	OHIO	200.43	7512000	Midwest
1946	OKLAHOMA	188.97	2128000	South
1946	OREGON	453.37	1338000	West
1946	RHODE ISLAND	160.61	770000	Northeast
1946	SOUTH CAROLINA	358.19	1936000	South
1946	SOUTH DAKOTA	189.69	588000	Midwest
1946	TENNESSEE	150.47	3074000	South
1946	TEXAS	410.13	7197000	South
1946	UTAH	1244.57	638000	West
1946	VERMONT	858.63	342000	Northeast
1946	VIRGINIA	385.83	3212000	South
1946	WASHINGTON	513.61	2288000	West
1946	WEST VIRGINIA	140.56	1826000	South
1946	WISCONSIN	1333.6	3167000	Midwest
1946	WYOMING	397.59	254000	West
1947	ALABAMA	127.26	2942000	South
1947	ALASKA	0	0	West
1947	ARIZONA	224.49	653000	West
1947	ARKANSAS	130.61	1836000	South
1947	CALIFORNIA	74.98	9832000	West
1947	COLORADO	142.93	1237000	West
1947	CONNECTICUT	814.92	1967000	Northeast
1947	DELAWARE	19.41	305000	South
1947	DISTRICT OF COLUMBIA	60.15	888000	South
1947	FLORIDA	53.1	2528000	South
1947	GEORGIA	102.39	3272000	South
1947	HAWAII	0	0	West
1947	IDAHO	51.13	522000	West
1947	ILLINOIS	91.45	8341000	Midwest
1947	INDIANA	60.93	3779000	Midwest
1947	IOWA	177.89	2509000	Midwest
1947	KANSAS	48.12	1853000	Midwest
1947	KENTUCKY	30.12	2803000	South
1947	LOUISIANA	49.96	2579000	South
1947	MAINE	504.58	854000	Northeast
1947	MARYLAND	50.88	2248000	South
1947	MASSACHUSETTS	252.7	4580000	Northeast
1947	MICHIGAN	148.06	6076000	Midwest
1947	MINNESOTA	319.35	2796000	Midwest
1947	MISSISSIPPI	14.96	2107000	South
1947	MISSOURI	33.55	3845000	Midwest
1947	MONTANA	843.36	531000	West
1947	NEBRSKA	37.4	1265000	Midwest
1947	NEVADA	18.45	149000	West
1947	NEW HAMPSHIRE	61.04	507000	Northeast
1947	NEW JERSEY	250.71	4618000	Northeast
1947	NEW MEXICO	226.78	582000	West
1947	NEW YORK	108	13982000	Northeast
1947	NORTH CAROLINA	127.63	3769000	South
1947	NORTH DAKOTA	236.08	578000	Midwest
1947	OHIO	239.45	7705000	Midwest
1947	OKLAHOMA	10.79	2133000	South
1947	OREGON	71.91	1361000	West
1947	RHODE ISLAND	507.34	776000	Northeast
1947	SOUTH CAROLINA	161.86	1992000	South
1947	SOUTH DAKOTA	218.3	601000	Midwest
1947	TENNESSEE	61	3166000	South
1947	TEXAS	109.48	7388000	South
1947	UTAH	99.24	636000	West
1947	VERMONT	1348.83	354000	Northeast
1947	VIRGINIA	242.18	3201000	South
1947	WASHINGTON	63.82	2211000	West
1947	WEST VIRGINIA	143.62	1883000	South
1947	WISCONSIN	383.14	3250000	Midwest
1947	WYOMING	170.19	258000	West
1948	ALABAMA	69.09	2969000	South
1948	ALASKA	0	0	West
1948	ARIZONA	623.38	690000	West
1948	ARKANSAS	208.3	1825000	South
1948	CALIFORNIA	487.91	10064000	West
1948	COLORADO	723.28	1263000	West
1948	CONNECTICUT	140.62	2014000	Northeast
1948	DELAWARE	333.13	312000	South
1948	DISTRICT OF COLUMBIA	305.05	840000	South
1948	FLORIDA	152.39	2578000	South
1948	GEORGIA	37.8	3259000	South
1948	HAWAII	0	0	West
1948	IDAHO	275.2	551000	West
1948	ILLINOIS	426.99	8552000	Midwest
1948	INDIANA	366.54	3877000	Midwest
1948	IOWA	352.26	2543000	Midwest
1948	KANSAS	58.31	1892000	Midwest
1948	KENTUCKY	127.97	2817000	South
1948	LOUISIANA	57.63	2596000	South
1948	MAINE	335.01	878000	Northeast
1948	MARYLAND	435.37	2271000	South
1948	MASSACHUSETTS	675	4674000	Northeast
1948	MICHIGAN	561.07	6213000	Midwest
1948	MINNESOTA	286.3	2868000	Midwest
1948	MISSISSIPPI	58.26	2076000	South
1948	MISSOURI	150.17	3844000	Midwest
1948	MONTANA	341.6	542000	West
1948	NEBRSKA	263.28	1265000	Midwest
1948	NEVADA	38.12	156000	West
1948	NEW HAMPSHIRE	77.54	520000	Northeast
1948	NEW JERSEY	715.45	4774000	Northeast
1948	NEW MEXICO	174.64	604000	West
1948	NEW YORK	330.91	14497000	Northeast
1948	NORTH CAROLINA	26.97	3837000	South
1948	NORTH DAKOTA	214.45	580000	Midwest
1948	OHIO	282.32	7876000	Midwest
1948	OKLAHOMA	66.02	2089000	South
1948	OREGON	367.6	1405000	West
1948	RHODE ISLAND	48.83	787000	Northeast
1948	SOUTH CAROLINA	120.65	1996000	South
1948	SOUTH DAKOTA	140.26	612000	Midwest
1948	TENNESSEE	127.54	3216000	South
1948	TEXAS	583.88	7626000	South
1948	UTAH	910.94	653000	West
1948	VERMONT	407.12	359000	Northeast
1948	VIRGINIA	191.3	3207000	South
1948	WASHINGTON	482.29	2255000	West
1948	WEST VIRGINIA	295.53	1899000	South
1948	WISCONSIN	926.15	3314000	Midwest
1948	WYOMING	805.41	269000	West
1949	ALABAMA	368.8	3000000	South
1949	ALASKA	0	0	West
1949	ARIZONA	531.46	714000	West
1949	ARKANSAS	667.72	1844000	South
1949	CALIFORNIA	320.82	10337000	West
1949	COLORADO	557.61	1295000	West
1949	CONNECTICUT	935.63	2032000	Northeast
1949	DELAWARE	234.53	316000	South
1949	DISTRICT OF COLUMBIA	278.56	807000	South
1949	FLORIDA	144.03	2668000	South
1949	GEORGIA	288.7	3325000	South
1949	HAWAII	0	0	West
1949	IDAHO	511.03	570000	West
1949	ILLINOIS	65.92	8670000	Midwest
1949	INDIANA	100.14	3958000	Midwest
1949	IOWA	87.03	2578000	Midwest
1949	KANSAS	882.31	1925000	Midwest
1949	KENTUCKY	294.61	2849000	South
1949	LOUISIANA	51.62	2634000	South
1949	MAINE	1108.87	903000	Northeast
1949	MARYLAND	740.27	2329000	South
1949	MASSACHUSETTS	556.88	4741000	Northeast
1949	MICHIGAN	312.1	6332000	Midwest
1949	MINNESOTA	114.47	2935000	Midwest
1949	MISSISSIPPI	106.74	2085000	South
1949	MISSOURI	203.8	3882000	Midwest
1949	MONTANA	676.12	569000	West
1949	NEBRSKA	207.99	1302000	Midwest
1949	NEVADA	60.53	157000	West
1949	NEW HAMPSHIRE	230.6	533000	Northeast
1949	NEW JERSEY	705.08	4889000	Northeast
1949	NEW MEXICO	671.44	644000	West
1949	NEW YORK	353.09	14892000	Northeast
1949	NORTH CAROLINA	442.46	3911000	South
1949	NORTH DAKOTA	245.95	597000	Midwest
1949	OHIO	268.29	7973000	Midwest
1949	OKLAHOMA	354.07	2105000	South
1949	OREGON	684.38	1431000	West
1949	RHODE ISLAND	561.61	801000	Northeast
1949	SOUTH CAROLINA	453.08	2029000	South
1949	SOUTH DAKOTA	157.39	631000	Midwest
1949	TENNESSEE	252.76	3236000	South
1949	TEXAS	749.48	7623000	South
1949	UTAH	526.54	671000	West
1949	VERMONT	1711.37	369000	Northeast
1949	VIRGINIA	649.31	3292000	South
1949	WASHINGTON	551.2	2294000	West
1949	WEST VIRGINIA	188.45	1930000	South
1949	WISCONSIN	1171.07	3391000	Midwest
1949	WYOMING	201.42	277000	West
1950	ALABAMA	50.9	3058000	South
1950	ALASKA	0	0	West
1950	ARIZONA	315.95	135000	West
1950	ARKANSAS	91.12	756000	South
1950	CALIFORNIA	137.92	1908000	West
1950	COLORADO	395.37	10677000	West
1950	CONNECTICUT	197.45	1325000	Northeast
1950	DELAWARE	194.7	2016000	South
1950	DISTRICT OF COLUMBIA	213.51	321000	South
1950	FLORIDA	83.43	806000	South
1950	GEORGIA	62.42	2810000	South
1950	HAWAII	13.22	0	West
1950	IDAHO	324.05	3458000	West
1950	ILLINOIS	200.35	498000	Midwest
1950	INDIANA	169.41	590000	Midwest
1950	IOWA	399.49	8738000	Midwest
1950	KANSAS	93.17	3967000	Midwest
1950	KENTUCKY	162.65	2625000	South
1950	LOUISIANA	28.57	1916000	South
1950	MAINE	106.15	2936000	Northeast
1950	MARYLAND	61.72	2697000	South
1950	MASSACHUSETTS	264.72	917000	Northeast
1950	MICHIGAN	575.29	2355000	Midwest
1950	MINNESOTA	125.16	4686000	Midwest
1950	MISSISSIPPI	99.49	6407000	South
1950	MISSOURI	58.02	2997000	Midwest
1950	MONTANA	300.15	2176000	West
1950	NEBRSKA	275.32	3964000	Midwest
1950	NEVADA	67.9	593000	West
1950	NEW HAMPSHIRE	34.4	1327000	Northeast
1950	NEW JERSEY	601.68	162000	Northeast
1950	NEW MEXICO	136.02	532000	West
1950	NEW YORK	201.33	4872000	Northeast
1950	NORTH CAROLINA	118.87	689000	South
1950	NORTH DAKOTA	63.62	14865000	Midwest
1950	OHIO	161.84	4068000	Midwest
1950	OKLAHOMA	27.43	619000	South
1950	OREGON	49.38	7980000	West
1950	RHODE ISLAND	30.68	1532000	Northeast
1950	SOUTH CAROLINA	90.62	10507000	South
1950	SOUTH DAKOTA	102.59	786000	Midwest
1950	TENNESSEE	104.1	2113000	South
1950	TEXAS	175.65	655000	South
1950	UTAH	879.2	3315000	West
1950	VERMONT	157.47	7776000	Northeast
1950	VIRGINIA	85.42	696000	South
1950	WASHINGTON	142.61	379000	West
1950	WEST VIRGINIA	293.19	3315000	South
1950	WISCONSIN	546.71	2387000	Midwest
1950	WYOMING	209.99	2006000	West
1951	ALABAMA	103.24	3059000	South
1951	ALASKA	0	0	West
1951	ARIZONA	1351.49	158000	West
1951	ARKANSAS	401.09	785000	South
1951	CALIFORNIA	548.36	1901000	West
1951	COLORADO	934.02	11134000	West
1951	CONNECTICUT	227.43	1326000	Northeast
1951	DELAWARE	208.42	2028000	South
1951	DISTRICT OF COLUMBIA	185.16	331000	South
1951	FLORIDA	76.21	808000	South
1951	GEORGIA	213.03	2980000	South
1951	HAWAII	55.24	0	West
1951	IDAHO	358.07	3531000	West
1951	ILLINOIS	187.66	514000	Midwest
1951	INDIANA	102	589000	Midwest
1951	IOWA	103.78	8790000	Midwest
1951	KANSAS	572.19	4096000	Midwest
1951	KENTUCKY	290.96	2617000	South
1951	LOUISIANA	78.73	1950000	South
1951	MAINE	193.05	2941000	Northeast
1951	MARYLAND	269.07	2769000	South
1951	MASSACHUSETTS	311.54	916000	Northeast
1951	MICHIGAN	221.85	2441000	Midwest
1951	MINNESOTA	93.36	4654000	Midwest
1951	MISSISSIPPI	91.25	6497000	South
1951	MISSOURI	188.53	3010000	Midwest
1951	MONTANA	416.62	2163000	West
1951	NEBRSKA	41.75	4015000	Midwest
1951	NEVADA	171.48	596000	West
1951	NEW HAMPSHIRE	196.44	1316000	Northeast
1951	NEW JERSEY	395.01	168000	Northeast
1951	NEW MEXICO	297.51	529000	West
1951	NEW YORK	240.63	5006000	Northeast
1951	NORTH CAROLINA	81.37	717000	South
1951	NORTH DAKOTA	426.98	14890000	Midwest
1951	OHIO	295.76	4120000	Midwest
1951	OKLAHOMA	359.94	604000	South
1951	OREGON	617.84	8061000	West
1951	RHODE ISLAND	113.3	1556000	Northeast
1951	SOUTH CAROLINA	34.31	10461000	South
1951	SOUTH DAKOTA	106.72	784000	Midwest
1951	TENNESSEE	80.64	2167000	South
1951	TEXAS	808.78	655000	South
1951	UTAH	331.4	3372000	West
1951	VERMONT	1130.93	8111000	Northeast
1951	VIRGINIA	408.71	706000	South
1951	WASHINGTON	733.32	378000	West
1951	WEST VIRGINIA	227.24	3434000	South
1951	WISCONSIN	958.07	2424000	Midwest
1951	WYOMING	753.58	1984000	West
1952	ALABAMA	351.72	3068000	South
1952	ALASKA	0	0	West
1952	ARIZONA	424.59	189000	West
1952	ARKANSAS	188.55	842000	South
1952	CALIFORNIA	335.25	1838000	West
1952	COLORADO	386.92	11635000	West
1952	CONNECTICUT	1179.01	1365000	Northeast
1952	DELAWARE	119.34	2081000	South
1952	DISTRICT OF COLUMBIA	286.17	341000	South
1952	FLORIDA	109.99	805000	South
1952	GEORGIA	225.42	3157000	South
1952	HAWAII	0	0	West
1952	IDAHO	196.07	3584000	West
1952	ILLINOIS	294.52	517000	Midwest
1952	INDIANA	179.11	587000	Midwest
1952	IOWA	120.84	8956000	Midwest
1952	KANSAS	326.07	4148000	Midwest
1952	KENTUCKY	362.97	2626000	South
1952	LOUISIANA	23.97	1977000	South
1952	MAINE	987.72	2920000	Northeast
1952	MARYLAND	348.04	2842000	South
1952	MASSACHUSETTS	940.07	915000	Northeast
1952	MICHIGAN	407.49	2500000	Midwest
1952	MINNESOTA	96.98	4650000	Midwest
1952	MISSISSIPPI	64.62	6650000	South
1952	MISSOURI	60.99	3030000	Midwest
1952	MONTANA	643.92	2152000	West
1952	NEBRSKA	214.03	3972000	Midwest
1952	NEVADA	285.31	602000	West
1952	NEW HAMPSHIRE	447.27	1311000	Northeast
1952	NEW JERSEY	1282.7	181000	Northeast
1952	NEW MEXICO	210.63	535000	West
1952	NEW YORK	500.59	5125000	Northeast
1952	NORTH CAROLINA	93.5	735000	South
1952	NORTH DAKOTA	432.14	15192000	Midwest
1952	OHIO	248	4109000	Midwest
1952	OKLAHOMA	92.03	608000	South
1952	OREGON	209.73	8275000	West
1952	RHODE ISLAND	665.78	1582000	Northeast
1952	SOUTH CAROLINA	81.69	10503000	South
1952	SOUTH DAKOTA	115.26	802000	Midwest
1952	TENNESSEE	200.48	2178000	South
1952	TEXAS	283.26	651000	South
1952	UTAH	652.51	3352000	West
1952	VERMONT	1397.32	8314000	Northeast
1952	VIRGINIA	376.52	724000	South
1952	WASHINGTON	243.78	375000	West
1952	WEST VIRGINIA	270	3504000	South
1952	WISCONSIN	1140.83	2448000	Midwest
1952	WYOMING	231.75	1957000	West
1953	ALABAMA	93.99	3053000	South
1953	ALASKA	0	0	West
1953	ARIZONA	557.91	205000	West
1953	ARKANSAS	727.41	894000	South
1953	CALIFORNIA	438.91	1780000	West
1953	COLORADO	684	12251000	West
1953	CONNECTICUT	99.99	1431000	Northeast
1953	DELAWARE	115.88	2168000	South
1953	DISTRICT OF COLUMBIA	44.05	351000	South
1953	FLORIDA	38.5	810000	South
1953	GEORGIA	86.49	3310000	South
1953	HAWAII	0	0	West
1953	IDAHO	324.34	3558000	West
1953	ILLINOIS	173.71	510000	Midwest
1953	INDIANA	162.58	596000	Midwest
1953	IOWA	413.78	9065000	Midwest
1953	KANSAS	750.87	4182000	Midwest
1953	KENTUCKY	134.51	2629000	South
1953	LOUISIANA	155.89	1994000	South
1953	MAINE	181.55	2903000	Northeast
1953	MARYLAND	79.46	2866000	South
1953	MASSACHUSETTS	68.28	913000	Northeast
1953	MICHIGAN	322.98	2567000	Midwest
1953	MINNESOTA	136.22	4806000	Midwest
1953	MISSISSIPPI	115.46	6822000	South
1953	MISSOURI	218.84	3050000	Midwest
1953	MONTANA	505.27	2105000	West
1953	NEBRSKA	183.75	4020000	Midwest
1953	NEVADA	102.3	616000	West
1953	NEW HAMPSHIRE	50.71	1318000	Northeast
1953	NEW JERSEY	81.21	195000	Northeast
1953	NEW MEXICO	662.89	547000	West
1953	NEW YORK	74.14	5229000	Northeast
1953	NORTH CAROLINA	115.47	756000	South
1953	NORTH DAKOTA	254.43	15527000	Midwest
1953	OHIO	314.96	4120000	Midwest
1953	OKLAHOMA	173.09	609000	South
1953	OREGON	558.14	8591000	West
1953	RHODE ISLAND	61.97	1601000	Northeast
1953	SOUTH CAROLINA	89.38	10662000	South
1953	SOUTH DAKOTA	68.81	815000	Midwest
1953	TENNESSEE	84.73	2181000	South
1953	TEXAS	885.82	648000	South
1953	UTAH	775.41	3319000	West
1953	VERMONT	148.93	8336000	Northeast
1953	VIRGINIA	138.96	739000	South
1953	WASHINGTON	473.15	379000	West
1953	WEST VIRGINIA	309.56	3557000	South
1953	WISCONSIN	1166.84	2466000	Midwest
1953	WYOMING	497.54	1929000	West
1954	ALABAMA	280.39	3014000	South
1954	ALASKA	691.67	0	West
1954	ARIZONA	531.51	215000	West
1954	ARKANSAS	151.03	933000	South
1954	CALIFORNIA	473.05	1734000	West
1954	COLORADO	127.66	12746000	West
1954	CONNECTICUT	223.47	1493000	Northeast
1954	DELAWARE	527.67	2249000	South
1954	DISTRICT OF COLUMBIA	383.3	368000	South
1954	FLORIDA	312.27	791000	South
1954	GEORGIA	188.04	3505000	South
1954	HAWAII	99.86	0	West
1954	IDAHO	734.17	3602000	West
1954	ILLINOIS	358.74	505000	Midwest
1954	INDIANA	517.12	600000	Midwest
1954	IOWA	477.14	9252000	Midwest
1954	KANSAS	66.41	4264000	Midwest
1954	KENTUCKY	1026	2626000	South
1954	LOUISIANA	104.96	2042000	South
1954	MAINE	626.75	2902000	Northeast
1954	MARYLAND	433.86	2883000	South
1954	MASSACHUSETTS	475.05	927000	Northeast
1954	MICHIGAN	568.61	2685000	Midwest
1954	MINNESOTA	92.93	4910000	Midwest
1954	MISSISSIPPI	145.94	7066000	South
1954	MISSOURI	37.88	3113000	Midwest
1954	MONTANA	749.98	2064000	West
1954	NEBRSKA	191.6	4066000	Midwest
1954	NEVADA	182.19	624000	West
1954	NEW HAMPSHIRE	168.21	1340000	Northeast
1954	NEW JERSEY	445.79	213000	Northeast
1954	NEW MEXICO	355.99	554000	West
1954	NEW YORK	548.37	5360000	Northeast
1954	NORTH CAROLINA	229.32	763000	South
1954	NORTH DAKOTA	454.18	15814000	Midwest
1954	OHIO	322.29	4131000	Midwest
1954	OKLAHOMA	152.18	611000	South
1954	OREGON	244.37	8873000	West
1954	RHODE ISLAND	223.67	1626000	Northeast
1954	SOUTH CAROLINA	254.91	10817000	South
1954	SOUTH DAKOTA	123.53	816000	Midwest
1954	TENNESSEE	416.4	2176000	South
1954	TEXAS	906.12	655000	South
1954	UTAH	1043.86	3359000	West
1954	VERMONT	760.21	8382000	Northeast
1954	VIRGINIA	673.56	750000	South
1954	WASHINGTON	857.47	377000	West
1954	WEST VIRGINIA	512.01	3555000	South
1954	WISCONSIN	289.57	2516000	Midwest
1954	WYOMING	391.79	1905000	West
1955	ALABAMA	69.68	3050000	South
1955	ALASKA	241.87	0	West
1955	ARIZONA	1024.03	222000	West
1955	ARKANSAS	173.54	987000	South
1955	CALIFORNIA	513.46	1725000	West
1955	COLORADO	317.08	13133000	West
1955	CONNECTICUT	1256.63	1546000	Northeast
1955	DELAWARE	26.98	2300000	South
1955	DISTRICT OF COLUMBIA	57.69	389000	South
1955	FLORIDA	38.04	785000	South
1955	GEORGIA	68.18	3747000	South
1955	HAWAII	1186.44	0	West
1955	IDAHO	113.76	3636000	West
1955	ILLINOIS	144.65	539000	Midwest
1955	INDIANA	86.36	618000	Midwest
1955	IOWA	286.64	9435000	Midwest
1955	KANSAS	145.56	4363000	Midwest
1955	KENTUCKY	76.09	2679000	South
1955	LOUISIANA	5.66	2093000	South
1955	MAINE	710.48	2910000	Northeast
1955	MARYLAND	83.51	2946000	South
1955	MASSACHUSETTS	957.5	934000	Northeast
1955	MICHIGAN	309.13	2742000	Midwest
1955	MINNESOTA	225.27	4882000	Midwest
1955	MISSISSIPPI	72.75	7285000	South
1955	MISSOURI	96.52	3172000	Midwest
1955	MONTANA	449.82	2060000	West
1955	NEBRSKA	12.07	4134000	Midwest
1955	NEVADA	165.37	636000	West
1955	NEW HAMPSHIRE	831.44	1374000	Northeast
1955	NEW JERSEY	937.1	237000	Northeast
1955	NEW MEXICO	621.75	557000	West
1955	NEW YORK	241.44	5502000	Northeast
1955	NORTH CAROLINA	29.68	785000	South
1955	NORTH DAKOTA	407.81	15966000	Midwest
1955	OHIO	170.31	4242000	Midwest
1955	OKLAHOMA	132.27	615000	South
1955	OREGON	295.16	9017000	West
1955	RHODE ISLAND	657.21	1659000	Northeast
1955	SOUTH CAROLINA	53.33	10939000	South
1955	SOUTH DAKOTA	63.59	823000	Midwest
1955	TENNESSEE	172.07	2200000	South
1955	TEXAS	455.73	663000	South
1955	UTAH	101.05	3415000	West
1955	VERMONT	1894.94	8660000	Northeast
1955	VIRGINIA	120.1	783000	South
1955	WASHINGTON	425.03	375000	West
1955	WEST VIRGINIA	204.22	3588000	South
1955	WISCONSIN	1389.05	2604000	Midwest
1955	WYOMING	180.83	1880000	West
1956	ALABAMA	231.75	3071000	South
1956	ALASKA	1120.98	0	West
1956	ARIZONA	644.32	224000	West
1956	ARKANSAS	506.86	1053000	South
1956	CALIFORNIA	235.21	1704000	West
1956	COLORADO	873.22	13713000	West
1956	CONNECTICUT	116.46	1625000	Northeast
1956	DELAWARE	212.31	2316000	South
1956	DISTRICT OF COLUMBIA	210.28	408000	South
1956	FLORIDA	127.23	759000	South
1956	GEORGIA	128.9	4047000	South
1956	HAWAII	922.02	0	West
1956	IDAHO	317.56	3701000	West
1956	ILLINOIS	441.99	559000	Midwest
1956	INDIANA	368.17	628000	Midwest
1956	IOWA	307.41	9530000	Midwest
1956	KANSAS	200.78	4458000	Midwest
1956	KENTUCKY	610.29	2703000	South
1956	LOUISIANA	69.64	2119000	South
1956	MAINE	115.39	2898000	Northeast
1956	MARYLAND	310.79	3032000	South
1956	MASSACHUSETTS	72	938000	Northeast
1956	MICHIGAN	540.14	2811000	Midwest
1956	MINNESOTA	40.74	4891000	Midwest
1956	MISSISSIPPI	107.81	7467000	South
1956	MISSOURI	124.88	3240000	Midwest
1956	MONTANA	1016.61	2086000	West
1956	NEBRSKA	178.58	4163000	Midwest
1956	NEVADA	55.2	656000	West
1956	NEW HAMPSHIRE	35.34	1397000	Northeast
1956	NEW JERSEY	340.37	250000	Northeast
1956	NEW MEXICO	495.32	566000	West
1956	NEW YORK	308.53	5615000	Northeast
1956	NORTH CAROLINA	178.8	806000	South
1956	NORTH DAKOTA	362.47	16112000	Midwest
1956	OHIO	477.29	4309000	Midwest
1956	OKLAHOMA	440.45	613000	South
1956	OREGON	135.02	9207000	West
1956	RHODE ISLAND	22.43	1698000	Northeast
1956	SOUTH CAROLINA	384.74	10972000	South
1956	SOUTH DAKOTA	86.75	840000	Midwest
1956	TENNESSEE	617	2229000	South
1956	TEXAS	755.24	670000	South
1956	UTAH	284.17	3415000	West
1956	VERMONT	340.86	8830000	Northeast
1956	VIRGINIA	634.53	809000	South
1956	WASHINGTON	481.3	377000	West
1956	WEST VIRGINIA	587.09	3722000	South
1956	WISCONSIN	715.74	2668000	Midwest
1956	WYOMING	640.69	1857000	West
1957	ALABAMA	299.79	3109000	South
1957	ALASKA	414.7	0	West
1957	ARIZONA	700.97	231000	West
1957	ARKANSAS	78.41	1125000	South
1957	CALIFORNIA	353.35	1733000	West
1957	COLORADO	173.47	14264000	West
1957	CONNECTICUT	409.99	1664000	Northeast
1957	DELAWARE	78.13	2359000	South
1957	DISTRICT OF COLUMBIA	114.82	426000	South
1957	FLORIDA	120.36	763000	South
1957	GEORGIA	155.66	4372000	South
1957	HAWAII	866.24	0	West
1957	IDAHO	486.9	3766000	West
1957	ILLINOIS	100.27	584000	Midwest
1957	INDIANA	180.31	642000	Midwest
1957	IOWA	330.75	9668000	Midwest
1957	KANSAS	0.62	4529000	Midwest
1957	KENTUCKY	557.76	2716000	South
1957	LOUISIANA	34.64	2128000	South
1957	MAINE	478.88	2928000	Northeast
1957	MARYLAND	79.68	3115000	South
1957	MASSACHUSETTS	222.05	943000	Northeast
1957	MICHIGAN	234.85	2873000	Midwest
1957	MINNESOTA	229.33	4929000	Midwest
1957	MISSISSIPPI	61.45	7569000	South
1957	MISSOURI	102.2	3274000	Midwest
1957	MONTANA	528.64	2088000	West
1957	NEBRSKA	16.79	4189000	Midwest
1957	NEVADA	592.31	667000	West
1957	NEW HAMPSHIRE	69.01	1394000	Northeast
1957	NEW JERSEY	458.1	260000	Northeast
1957	NEW MEXICO	747.33	572000	West
1957	NEW YORK	233.63	5737000	Northeast
1957	NORTH CAROLINA	43.64	847000	South
1957	NORTH DAKOTA	629.25	16374000	Midwest
1957	OHIO	86.94	4368000	Midwest
1957	OKLAHOMA	66.1	612000	South
1957	OREGON	879.25	9410000	West
1957	RHODE ISLAND	72.67	1712000	Northeast
1957	SOUTH CAROLINA	248.22	10954000	South
1957	SOUTH DAKOTA	81.49	851000	Midwest
1957	TENNESSEE	455.99	2274000	South
1957	TEXAS	471.87	666000	South
1957	UTAH	1749.89	3434000	West
1957	VERMONT	761.46	9070000	Northeast
1957	VIRGINIA	128.67	826000	South
1957	WASHINGTON	614.37	376000	West
1957	WEST VIRGINIA	185.11	3844000	South
1957	WISCONSIN	980.76	2724000	Midwest
1957	WYOMING	69.46	1843000	West
1958	ALABAMA	242.34	3163000	South
1958	ALASKA	562.06	0	West
1958	ARIZONA	825.18	224000	West
1958	ARKANSAS	173.95	1193000	South
1958	CALIFORNIA	235.72	1726000	West
1958	COLORADO	566.11	14880000	West
1958	CONNECTICUT	645.65	1667000	Northeast
1958	DELAWARE	118.9	2446000	South
1958	DISTRICT OF COLUMBIA	187.57	433000	South
1958	FLORIDA	266.67	757000	South
1958	GEORGIA	175.18	4630000	South
1958	HAWAII	95.08	0	West
1958	IDAHO	591.94	3804000	West
1958	ILLINOIS	233.09	605000	Midwest
1958	INDIANA	396.55	646000	Midwest
1958	IOWA	463.82	9886000	Midwest
1958	KANSAS	3.32	4583000	Midwest
1958	KENTUCKY	619.64	2708000	South
1958	LOUISIANA	9.05	2142000	South
1958	MAINE	462.59	2961000	Northeast
1958	MARYLAND	210.83	3155000	South
1958	MASSACHUSETTS	714.96	944000	Northeast
1958	MICHIGAN	530.38	2982000	Midwest
1958	MINNESOTA	37.83	5010000	Midwest
1958	MISSISSIPPI	67.5	7667000	South
1958	MISSOURI	82.41	3313000	Midwest
1958	MONTANA	1065.44	2086000	West
1958	NEBRSKA	108.79	4186000	Midwest
1958	NEVADA	73.6	666000	West
1958	NEW HAMPSHIRE	368.01	1383000	Northeast
1958	NEW JERSEY	429.08	269000	Northeast
1958	NEW MEXICO	912.17	581000	West
1958	NEW YORK	364.15	5890000	Northeast
1958	NORTH CAROLINA	93.73	886000	South
1958	NORTH DAKOTA	714.58	16601000	Midwest
1958	OHIO	312.78	4376000	Midwest
1958	OKLAHOMA	317.88	606000	South
1958	OREGON	529.02	9599000	West
1958	RHODE ISLAND	496.84	1718000	Northeast
1958	SOUTH CAROLINA	472.18	11058000	South
1958	SOUTH DAKOTA	18.41	858000	Midwest
1958	TENNESSEE	793.55	2304000	South
1958	TEXAS	889.53	656000	South
1958	UTAH	458.83	3471000	West
1958	VERMONT	549.2	9252000	Northeast
1958	VIRGINIA	550.15	845000	South
1958	WASHINGTON	384.18	380000	West
1958	WEST VIRGINIA	657.2	3914000	South
1958	WISCONSIN	1665.37	2773000	Midwest
1958	WYOMING	433.31	1845000	West
1959	ALABAMA	108.19	3204000	South
1959	ALASKA	816.55	0	West
1959	ARIZONA	719.02	224000	West
1959	ARKANSAS	46.49	1261000	South
1959	CALIFORNIA	251.82	1756000	West
1959	COLORADO	411.5	15467000	West
1959	CONNECTICUT	516.46	1710000	Northeast
1959	DELAWARE	139.7	2523000	South
1959	DISTRICT OF COLUMBIA	52.17	441000	South
1959	FLORIDA	74.68	761000	South
1959	GEORGIA	11.54	4808000	South
1959	HAWAII	592.6	0	West
1959	IDAHO	247.2	3868000	West
1959	ILLINOIS	96.16	622000	Midwest
1959	INDIANA	99.64	657000	Midwest
1959	IOWA	420.25	9986000	Midwest
1959	KANSAS	0	4613000	Midwest
1959	KENTUCKY	221.65	2729000	South
1959	LOUISIANA	2.08	2160000	South
1959	MAINE	270.41	2999000	Northeast
1959	MARYLAND	76.08	3208000	South
1959	MASSACHUSETTS	123.22	957000	Northeast
1959	MICHIGAN	147.69	3066000	Midwest
1959	MINNESOTA	80.06	5117000	Midwest
1959	MISSISSIPPI	66.43	7767000	South
1959	MISSOURI	84.71	3366000	Midwest
1959	MONTANA	625.59	2138000	West
1959	NEBRSKA	29.32	4258000	Midwest
1959	NEVADA	220.09	669000	West
1959	NEW HAMPSHIRE	76.52	1397000	Northeast
1959	NEW JERSEY	502.21	279000	Northeast
1959	NEW MEXICO	484.03	596000	West
1959	NEW YORK	140.21	6015000	Northeast
1959	NORTH CAROLINA	73.12	919000	South
1959	NORTH DAKOTA	899.54	16685000	Midwest
1959	OHIO	124.39	4458000	Midwest
1959	OKLAHOMA	29.15	618000	South
1959	OREGON	447.57	9671000	West
1959	RHODE ISLAND	35.92	1746000	Northeast
1959	SOUTH CAROLINA	82.91	11234000	South
1959	SOUTH DAKOTA	129.12	857000	Midwest
1959	TENNESSEE	275.98	2348000	South
1959	TEXAS	360.65	667000	South
1959	UTAH	670.89	3522000	West
1959	VERMONT	525.59	9405000	Northeast
1959	VIRGINIA	349.29	870000	South
1959	WASHINGTON	512.47	387000	West
1959	WEST VIRGINIA	406.39	3951000	South
1959	WISCONSIN	384.77	2821000	Midwest
1959	WYOMING	281.2	1855000	West
1960	ALABAMA	63.33	3267000	South
1960	ALASKA	635.79	0	West
1960	ARIZONA	325.91	226000	West
1960	ARKANSAS	89.24	1302000	South
1960	CALIFORNIA	140.03	1786000	West
1960	COLORADO	384.73	15717000	West
1960	CONNECTICUT	434.62	1754000	Northeast
1960	DELAWARE	212.92	2535000	South
1960	DISTRICT OF COLUMBIA	158.16	446000	South
1960	FLORIDA	74.46	764000	South
1960	GEORGIA	5.53	4952000	South
1960	HAWAII	829	0	West
1960	IDAHO	421.92	3943000	West
1960	ILLINOIS	224.66	633000	Midwest
1960	INDIANA	223.08	667000	Midwest
1960	IOWA	64	10081000	Midwest
1960	KANSAS	0	4662000	Midwest
1960	KENTUCKY	352.98	2758000	South
1960	LOUISIANA	7.46	2179000	South
1960	MAINE	413.05	3038000	Northeast
1960	MARYLAND	104.48	3257000	South
1960	MASSACHUSETTS	420.58	969000	Northeast
1960	MICHIGAN	451.59	3101000	Midwest
1960	MINNESOTA	126.3	5149000	Midwest
1960	MISSISSIPPI	76.35	7823000	South
1960	MISSOURI	17.35	3414000	Midwest
1960	MONTANA	313.99	2178000	West
1960	NEBRSKA	14.81	4320000	Midwest
1960	NEVADA	262.89	675000	West
1960	NEW HAMPSHIRE	186.36	1411000	Northeast
1960	NEW JERSEY	175.27	285000	Northeast
1960	NEW MEXICO	6.81	607000	West
1960	NEW YORK	277.27	6067000	Northeast
1960	NORTH CAROLINA	27.06	951000	South
1960	NORTH DAKOTA	390.56	16782000	Midwest
1960	OHIO	191.15	4556000	Midwest
1960	OKLAHOMA	51.72	632000	South
1960	OREGON	624.94	9706000	West
1960	RHODE ISLAND	227.84	1769000	Northeast
1960	SOUTH CAROLINA	53.68	11319000	South
1960	SOUTH DAKOTA	17.59	859000	Midwest
1960	TENNESSEE	535.9	2383000	South
1960	TEXAS	516.19	681000	South
1960	UTAH	551.77	3567000	West
1960	VERMONT	893.32	9580000	Northeast
1960	VIRGINIA	185.6	891000	South
1960	WASHINGTON	456.2	390000	West
1960	WEST VIRGINIA	190.39	3967000	South
1960	WISCONSIN	1090.16	2853000	Midwest
1960	WYOMING	209.63	1860000	West
1961	ALABAMA	78.01	3267000	South
1961	ALASKA	420.96	0	West
1961	ARIZONA	559.22	226000	West
1961	ARKANSAS	93.26	1302000	South
1961	CALIFORNIA	223.42	1786000	West
1961	COLORADO	210.35	15717000	West
1961	CONNECTICUT	261.76	1754000	Northeast
1961	DELAWARE	368.35	2535000	South
1961	DISTRICT OF COLUMBIA	47.09	446000	South
1961	FLORIDA	127.69	764000	South
1961	GEORGIA	10.24	4952000	South
1961	HAWAII	29.62	0	West
1961	IDAHO	281.75	3943000	West
1961	ILLINOIS	159	633000	Midwest
1961	INDIANA	124.69	667000	Midwest
1961	IOWA	192.53	10081000	Midwest
1961	KANSAS	0	4662000	Midwest
1961	KENTUCKY	368.68	2758000	South
1961	LOUISIANA	1.23	2179000	South
1961	MAINE	279.08	3038000	Northeast
1961	MARYLAND	130.28	3257000	South
1961	MASSACHUSETTS	416.44	969000	Northeast
1961	MICHIGAN	349.41	3101000	Midwest
1961	MINNESOTA	20.6	5149000	Midwest
1961	MISSISSIPPI	68.9	7823000	South
1961	MISSOURI	102.09	3414000	Midwest
1961	MONTANA	326.15	2178000	West
1961	NEBRSKA	44.19	4320000	Midwest
1961	NEVADA	197.74	675000	West
1961	NEW HAMPSHIRE	234.64	1411000	Northeast
1961	NEW JERSEY	293.59	285000	Northeast
1961	NEW MEXICO	2.07	607000	West
1961	NEW YORK	207.29	6067000	Northeast
1961	NORTH CAROLINA	110.7	951000	South
1961	NORTH DAKOTA	439	16782000	Midwest
1961	OHIO	208.73	4556000	Midwest
1961	OKLAHOMA	25.07	632000	South
1961	OREGON	322.05	9706000	West
1961	RHODE ISLAND	766.11	1769000	Northeast
1961	SOUTH CAROLINA	136.63	11319000	South
1961	SOUTH DAKOTA	21.72	859000	Midwest
1961	TENNESSEE	403.1	2383000	South
1961	TEXAS	164.07	681000	South
1961	UTAH	179.6	3567000	West
1961	VERMONT	295.88	9580000	Northeast
1961	VIRGINIA	285.95	891000	South
1961	WASHINGTON	301.32	390000	West
1961	WEST VIRGINIA	429.01	3967000	South
1961	WISCONSIN	932.93	2853000	Midwest
1961	WYOMING	143.65	1860000	West
1962	ALABAMA	71.58	3274000	South
1962	ALASKA	571.54	0	West
1962	ARIZONA	431.74	229000	West
1962	ARKANSAS	77.61	1321000	South
1962	CALIFORNIA	164.86	1789000	West
1962	COLORADO	474	15870000	West
1962	CONNECTICUT	672.06	1769000	Northeast
1962	DELAWARE	129.42	2544000	South
1962	DISTRICT OF COLUMBIA	89.2	449000	South
1962	FLORIDA	76.09	765000	South
1962	GEORGIA	10.19	5004000	South
1962	HAWAII	387.29	0	West
1962	IDAHO	234.12	3956000	West
1962	ILLINOIS	163.37	642000	Midwest
1962	INDIANA	161.79	671000	Midwest
1962	IOWA	393.63	10086000	Midwest
1962	KANSAS	0	4674000	Midwest
1962	KENTUCKY	202.29	2756000	South
1962	LOUISIANA	6.9	2183000	South
1962	MAINE	718.01	3041000	Northeast
1962	MARYLAND	96.62	3260000	South
1962	MASSACHUSETTS	511.33	975000	Northeast
1962	MICHIGAN	318.95	3113000	Midwest
1962	MINNESOTA	47.43	5160000	Midwest
1962	MISSISSIPPI	119.04	7834000	South
1962	MISSOURI	31.73	3425000	Midwest
1962	MONTANA	1181.36	2182000	West
1962	NEBRSKA	8.13	4326000	Midwest
1962	NEVADA	191.47	679000	West
1962	NEW HAMPSHIRE	163.62	1417000	Northeast
1962	NEW JERSEY	510.19	291000	Northeast
1962	NEW MEXICO	0	609000	West
1962	NEW YORK	273	6103000	Northeast
1962	NORTH CAROLINA	19.27	954000	South
1962	NORTH DAKOTA	583.22	16838000	Midwest
1962	OHIO	118.46	4573000	Midwest
1962	OKLAHOMA	86.46	634000	South
1962	OREGON	766.23	9734000	West
1962	RHODE ISLAND	378.97	1772000	Northeast
1962	SOUTH CAROLINA	38.4	11329000	South
1962	SOUTH DAKOTA	64.25	855000	Midwest
1962	TENNESSEE	666.32	2392000	South
1962	TEXAS	665.61	683000	South
1962	UTAH	430.57	3575000	West
1962	VERMONT	518.32	9624000	Northeast
1962	VIRGINIA	231.09	900000	South
1962	WASHINGTON	704.07	389000	West
1962	WEST VIRGINIA	551.12	3986000	South
1962	WISCONSIN	365.34	2855000	Midwest
1962	WYOMING	142.93	1853000	West
1963	ALABAMA	34.74	3316000	South
1963	ALASKA	722.27	0	West
1963	ARIZONA	583.67	238000	West
1963	ARKANSAS	77.5	1407000	South
1963	CALIFORNIA	113.36	1806000	West
1963	COLORADO	325.28	16497000	West
1963	CONNECTICUT	214.81	1844000	Northeast
1963	DELAWARE	248.69	2586000	South
1963	DISTRICT OF COLUMBIA	27.76	461000	South
1963	FLORIDA	66.69	778000	South
1963	GEORGIA	4.78	5243000	South
1963	HAWAII	521.83	0	West
1963	IDAHO	572.48	4015000	West
1963	ILLINOIS	98.55	659000	Midwest
1963	INDIANA	122.36	684000	Midwest
1963	IOWA	280.07	10130000	Midwest
1963	KANSAS	0	4730000	Midwest
1963	KENTUCKY	284.88	2756000	South
1963	LOUISIANA	4.26	2215000	South
1963	MAINE	48.49	3054000	Northeast
1963	MARYLAND	60.08	3287000	South
1963	MASSACHUSETTS	84.1	995000	Northeast
1963	MICHIGAN	516.65	3176000	Midwest
1963	MINNESOTA	76.78	5219000	Midwest
1963	MISSISSIPPI	29.85	7893000	South
1963	MISSOURI	64.05	3470000	Midwest
1963	MONTANA	482.41	2206000	West
1963	NEBRSKA	15.86	4349000	Midwest
1963	NEVADA	67.74	696000	West
1963	NEW HAMPSHIRE	6.44	1446000	Northeast
1963	NEW JERSEY	160.62	315000	Northeast
1963	NEW MEXICO	0	618000	West
1963	NEW YORK	107.71	6265000	Northeast
1963	NORTH CAROLINA	30.53	965000	South
1963	NORTH DAKOTA	677.98	17061000	Midwest
1963	OHIO	146.63	4663000	Midwest
1963	OKLAHOMA	14.17	641000	South
1963	OREGON	258.3	9854000	West
1963	RHODE ISLAND	139.6	1787000	Northeast
1963	SOUTH CAROLINA	95.75	11392000	South
1963	SOUTH DAKOTA	12.53	858000	Midwest
1963	TENNESSEE	183.55	2409000	South
1963	TEXAS	164.36	693000	South
1963	UTAH	316.23	3622000	West
1963	VERMONT	405.8	9820000	Northeast
1963	VIRGINIA	172.45	936000	South
1963	WASHINGTON	166.94	390000	West
1963	WEST VIRGINIA	696.29	4095000	South
1963	WISCONSIN	1413.07	2882000	Midwest
1963	WYOMING	97.92	1828000	West
1964	ALABAMA	533.68	3323000	South
1964	ALASKA	439.89	0	West
1964	ARIZONA	405.54	246000	West
1964	ARKANSAS	58.28	1471000	South
1964	CALIFORNIA	179.9	1853000	West
1964	COLORADO	164.43	17072000	West
1964	CONNECTICUT	189.03	1899000	Northeast
1964	DELAWARE	79.26	2647000	South
1964	DISTRICT OF COLUMBIA	43.14	469000	South
1964	FLORIDA	121.55	788000	South
1964	GEORGIA	4.92	5458000	South
1964	HAWAII	123.18	0	West
1964	IDAHO	336.19	4086000	West
1964	ILLINOIS	149.33	684000	Midwest
1964	INDIANA	458.81	692000	Midwest
1964	IOWA	819.82	10280000	Midwest
1964	KANSAS	0	4736000	Midwest
1964	KENTUCKY	481.84	2750000	South
1964	LOUISIANA	3.44	2231000	South
1964	MAINE	373.91	3079000	Northeast
1964	MARYLAND	89.51	3345000	South
1964	MASSACHUSETTS	135.92	994000	Northeast
1964	MICHIGAN	354.48	3263000	Midwest
1964	MINNESOTA	9.73	5263000	Midwest
1964	MISSISSIPPI	261.46	7933000	South
1964	MISSOURI	24.26	3513000	Midwest
1964	MONTANA	579.59	2243000	West
1964	NEBRSKA	54.63	4357000	Midwest
1964	NEVADA	233.77	698000	West
1964	NEW HAMPSHIRE	134.65	1464000	Northeast
1964	NEW JERSEY	176.38	352000	Northeast
1964	NEW MEXICO	111.15	632000	West
1964	NEW YORK	156.92	6376000	Northeast
1964	NORTH CAROLINA	26.32	979000	South
1964	NORTH DAKOTA	813.23	17301000	Midwest
1964	OHIO	191.15	4707000	Midwest
1964	OKLAHOMA	42.41	637000	South
1964	OREGON	453.01	9929000	West
1964	RHODE ISLAND	279.32	1818000	Northeast
1964	SOUTH CAROLINA	161.62	11355000	South
1964	SOUTH DAKOTA	9.86	871000	Midwest
1964	TENNESSEE	629.43	2423000	South
1964	TEXAS	383.18	705000	South
1964	UTAH	260.75	3673000	West
1964	VERMONT	596.77	10053000	Northeast
1964	VIRGINIA	274.81	958000	South
1964	WASHINGTON	674.69	393000	West
1964	WEST VIRGINIA	518.7	4180000	South
1964	WISCONSIN	370.35	2942000	Midwest
1964	WYOMING	84.29	1809000	West
1965	ALABAMA	68.2	3358000	South
1965	ALASKA	79.38	0	West
1965	ARIZONA	100.6	256000	West
1965	ARKANSAS	63.08	1521000	South
1965	CALIFORNIA	74.6	1875000	West
1965	COLORADO	302.7	17668000	West
1965	CONNECTICUT	322.89	1936000	Northeast
1965	DELAWARE	102.38	2727000	South
1965	DISTRICT OF COLUMBIA	19.76	483000	South
1965	FLORIDA	62.29	798000	South
1965	GEORGIA	15.1	5628000	South
1965	HAWAII	575.8	0	West
1965	IDAHO	454.66	4172000	West
1965	ILLINOIS	42.68	682000	Midwest
1965	INDIANA	48.06	683000	Midwest
1965	IOWA	339.54	10402000	Midwest
1965	KANSAS	0	4799000	Midwest
1965	KENTUCKY	121.06	2747000	South
1965	LOUISIANA	3.85	2217000	South
1965	MAINE	295.75	3096000	Northeast
1965	MARYLAND	35.52	3377000	South
1965	MASSACHUSETTS	354.49	993000	Northeast
1965	MICHIGAN	336.98	3386000	Midwest
1965	MINNESOTA	26.46	5344000	Midwest
1965	MISSISSIPPI	51.15	8058000	South
1965	MISSOURI	60.2	3531000	Midwest
1965	MONTANA	556.37	2244000	West
1965	NEBRSKA	31.99	4392000	Midwest
1965	NEVADA	50.71	703000	West
1965	NEW HAMPSHIRE	55.03	1476000	Northeast
1965	NEW JERSEY	61.18	397000	Northeast
1965	NEW MEXICO	68.59	649000	West
1965	NEW YORK	52.37	6531000	Northeast
1965	NORTH CAROLINA	8.59	989000	South
1965	NORTH DAKOTA	623.26	17461000	Midwest
1965	OHIO	90.96	4742000	Midwest
1965	OKLAHOMA	9.97	644000	South
1965	OREGON	181.74	9986000	West
1965	RHODE ISLAND	444.82	1853000	Northeast
1965	SOUTH CAROLINA	50.55	11424000	South
1965	SOUTH DAKOTA	16.73	876000	Midwest
1965	TENNESSEE	238.12	2460000	South
1965	TEXAS	284.32	708000	South
1965	UTAH	444.86	3718000	West
1965	VERMONT	360.66	10159000	Northeast
1965	VIRGINIA	93.32	974000	South
1965	WASHINGTON	255.7	397000	West
1965	WEST VIRGINIA	832.69	4276000	South
1965	WISCONSIN	482.22	2955000	Midwest
1965	WYOMING	226.15	1796000	West
1966	ALABAMA	52.38	3395000	South
1966	ALASKA	236.57	0	West
1966	ARIZONA	336.9	263000	West
1966	ARKANSAS	72.49	1556000	South
1966	CALIFORNIA	80.59	1897000	West
1966	COLORADO	72	18151000	West
1966	CONNECTICUT	32.51	1970000	Northeast
1966	DELAWARE	51.14	2798000	South
1966	DISTRICT OF COLUMBIA	49.3	497000	South
1966	FLORIDA	64.38	798000	South
1966	GEORGIA	5.59	5781000	South
1966	HAWAII	20.36	0	West
1966	IDAHO	246.93	4258000	West
1966	ILLINOIS	106.31	700000	Midwest
1966	INDIANA	116.34	680000	Midwest
1966	IOWA	197.39	10580000	Midwest
1966	KANSAS	0	4856000	Midwest
1966	KENTUCKY	154.21	2746000	South
1966	LOUISIANA	3.02	2209000	South
1966	MAINE	29.7	3129000	Northeast
1966	MARYLAND	57.77	3446000	South
1966	MASSACHUSETTS	15.02	993000	Northeast
1966	MICHIGAN	176.04	3492000	Midwest
1966	MINNESOTA	46.56	5448000	Midwest
1966	MISSISSIPPI	56.99	8187000	South
1966	MISSOURI	12.54	3558000	Midwest
1966	MONTANA	272.69	2241000	West
1966	NEBRSKA	11.64	4442000	Midwest
1966	NEVADA	14.34	706000	West
1966	NEW HAMPSHIRE	11.59	1482000	Northeast
1966	NEW JERSEY	29.39	426000	Northeast
1966	NEW MEXICO	126.32	663000	West
1966	NEW YORK	61.06	6660000	Northeast
1966	NORTH CAROLINA	15.88	1006000	South
1966	NORTH DAKOTA	212.64	17589000	Midwest
1966	OHIO	63.04	4802000	Midwest
1966	OKLAHOMA	25.25	649000	South
1966	OREGON	126.91	10080000	West
1966	RHODE ISLAND	9.75	1888000	Northeast
1966	SOUTH CAROLINA	26.31	11519000	South
1966	SOUTH DAKOTA	5.87	885000	Midwest
1966	TENNESSEE	332.74	2475000	South
1966	TEXAS	239.95	701000	South
1966	UTAH	68.2	3771000	West
1966	VERMONT	79.16	10270000	Northeast
1966	VIRGINIA	50.58	978000	South
1966	WASHINGTON	166.67	399000	West
1966	WEST VIRGINIA	313.45	4357000	South
1966	WISCONSIN	736.07	2961000	Midwest
1966	WYOMING	72.79	1797000	West
1967	ALABAMA	38.98	3443000	South
1967	ALASKA	53.27	0	West
1967	ARIZONA	62.08	271000	West
1967	ARKANSAS	66.76	1584000	South
1967	CALIFORNIA	27.45	1894000	West
1967	COLORADO	79.64	18585000	West
1967	CONNECTICUT	3.57	1985000	Northeast
1967	DELAWARE	10.64	2857000	South
1967	DISTRICT OF COLUMBIA	3.46	507000	South
1967	FLORIDA	28.92	797000	South
1967	GEORGIA	0.96	5954000	South
1967	HAWAII	24.46	0	West
1967	IDAHO	60.05	4332000	West
1967	ILLINOIS	11.93	704000	Midwest
1967	INDIANA	13.46	686000	Midwest
1967	IOWA	29.6	10693000	Midwest
1967	KANSAS	4.44	4922000	Midwest
1967	KENTUCKY	46.83	2742000	South
1967	LOUISIANA	4.46	2206000	South
1967	MAINE	24.63	3140000	Northeast
1967	MARYLAND	4.86	3496000	South
1967	MASSACHUSETTS	7.47	997000	Northeast
1967	MICHIGAN	13.3	3600000	Midwest
1967	MINNESOTA	3.76	5502000	Midwest
1967	MISSISSIPPI	30.34	8357000	South
1967	MISSOURI	7.47	3592000	Midwest
1967	MONTANA	48.96	2246000	West
1967	NEBRSKA	36.53	4467000	Midwest
1967	NEVADA	59.9	706000	West
1967	NEW HAMPSHIRE	3.86	1471000	Northeast
1967	NEW JERSEY	8.8	444000	Northeast
1967	NEW MEXICO	61.2	676000	West
1967	NEW YORK	6.68	6767000	Northeast
1967	NORTH CAROLINA	19.03	1012000	South
1967	NORTH DAKOTA	143.16	17734000	Midwest
1967	OHIO	11.74	4863000	Midwest
1967	OKLAHOMA	32.35	649000	South
1967	OREGON	86.72	10201000	West
1967	RHODE ISLAND	6.82	1937000	Northeast
1967	SOUTH CAROLINA	20.44	11620000	South
1967	SOUTH DAKOTA	8.67	893000	Midwest
1967	TENNESSEE	53.62	2494000	South
1967	TEXAS	125.32	692000	South
1967	UTAH	37.81	3798000	West
1967	VERMONT	9.96	10378000	Northeast
1967	VIRGINIA	51.99	994000	South
1967	WASHINGTON	178.9	404000	West
1967	WEST VIRGINIA	84.57	4411000	South
1967	WISCONSIN	49.53	2967000	Midwest
1967	WYOMING	64.27	1786000	West
1968	ALABAMA	4.65	3464000	South
1968	ALASKA	3.86	0	West
1968	ARIZONA	14.61	271000	West
1968	ARKANSAS	0.15	1614000	South
1968	CALIFORNIA	8.49	1899000	West
1968	COLORADO	23.54	18858000	West
1968	CONNECTICUT	23.82	2007000	Northeast
1968	DELAWARE	4.51	2903000	South
1968	DISTRICT OF COLUMBIA	0.78	516000	South
1968	FLORIDA	8.94	791000	South
1968	GEORGIA	0.08	6104000	South
1968	HAWAII	5.05	0	West
1968	IDAHO	3	4379000	West
1968	ILLINOIS	13.52	710000	Midwest
1968	INDIANA	15.55	689000	Midwest
1968	IOWA	6.58	10836000	Midwest
1968	KANSAS	0.96	4999000	Midwest
1968	KENTUCKY	4.37	2762000	South
1968	LOUISIANA	0.79	2200000	South
1968	MAINE	3.51	3147000	Northeast
1968	MARYLAND	2.75	3550000	South
1968	MASSACHUSETTS	9.84	999000	Northeast
1968	MICHIGAN	4.03	3695000	Midwest
1968	MINNESOTA	0.52	5535000	Midwest
1968	MISSISSIPPI	10.91	8512000	South
1968	MISSOURI	0.69	3617000	Midwest
1968	MONTANA	9.69	2245000	West
1968	NEBRSKA	4.59	4523000	Midwest
1968	NEVADA	1.74	707000	West
1968	NEW HAMPSHIRE	21.01	1456000	Northeast
1968	NEW JERSEY	9.74	446000	Northeast
1968	NEW MEXICO	17.64	681000	West
1968	NEW YORK	21.07	6851000	Northeast
1968	NORTH CAROLINA	6.48	1007000	South
1968	NORTH DAKOTA	22.83	17843000	Midwest
1968	OHIO	3.25	4896000	Midwest
1968	OKLAHOMA	4.96	647000	South
1968	OREGON	30.7	10330000	West
1968	RHODE ISLAND	7.28	1969000	Northeast
1968	SOUTH CAROLINA	1.52	11664000	South
1968	SOUTH DAKOTA	0.6	899000	Midwest
1968	TENNESSEE	1.73	2520000	South
1968	TEXAS	47.58	683000	South
1968	UTAH	2.04	3822000	West
1968	VERMONT	1.85	10492000	Northeast
1968	VIRGINIA	9.49	1009000	South
1968	WASHINGTON	18.25	413000	West
1968	WEST VIRGINIA	20.5	4456000	South
1968	WISCONSIN	31.89	3057000	Midwest
1968	WYOMING	17	1775000	West
1969	ALABAMA	0.36	3458000	South
1969	ALASKA	6.77	0	West
1969	ARIZONA	31.21	278000	West
1969	ARKANSAS	1.51	1646000	South
1969	CALIFORNIA	4.57	1901000	West
1969	COLORADO	6.43	19176000	West
1969	CONNECTICUT	21.39	2053000	Northeast
1969	DELAWARE	93.73	2935000	South
1969	DISTRICT OF COLUMBIA	5.89	525000	South
1969	FLORIDA	9.27	791000	South
1969	GEORGIA	0.04	6242000	South
1969	HAWAII	7.02	0	West
1969	IDAHO	12.74	4408000	West
1969	ILLINOIS	10.16	723000	Midwest
1969	INDIANA	10.51	688000	Midwest
1969	IOWA	9.98	10947000	Midwest
1969	KANSAS	0.38	5053000	Midwest
1969	KENTUCKY	2.21	2793000	South
1969	LOUISIANA	3.46	2197000	South
1969	MAINE	0.8	3172000	Northeast
1969	MARYLAND	2.6	3581000	South
1969	MASSACHUSETTS	6.59	1004000	Northeast
1969	MICHIGAN	4.46	3757000	Midwest
1969	MINNESOTA	0.75	5594000	Midwest
1969	MISSISSIPPI	1.1	8630000	South
1969	MISSOURI	1.57	3659000	Midwest
1969	MONTANA	17.13	2228000	West
1969	NEBRSKA	44.87	4539000	Midwest
1969	NEVADA	0.21	701000	West
1969	NEW HAMPSHIRE	27.1	1457000	Northeast
1969	NEW JERSEY	13.46	449000	Northeast
1969	NEW MEXICO	28.3	697000	West
1969	NEW YORK	30.48	6928000	Northeast
1969	NORTH CAROLINA	7.46	1000000	South
1969	NORTH DAKOTA	13.03	17935000	Midwest
1969	OHIO	5.38	4952000	Midwest
1969	OKLAHOMA	5.63	626000	South
1969	OREGON	9.83	10414000	West
1969	RHODE ISLAND	2.9	1979000	Northeast
1969	SOUTH CAROLINA	5.34	11681000	South
1969	SOUTH DAKOTA	7.64	909000	Midwest
1969	TENNESSEE	0.53	2533000	South
1969	TEXAS	44.87	671000	South
1969	UTAH	1.09	3859000	West
1969	VERMONT	0.69	10599000	Northeast
1969	VIRGINIA	20.26	1019000	South
1969	WASHINGTON	1.68	423000	West
1969	WEST VIRGINIA	13.82	4508000	South
1969	WISCONSIN	15.33	3174000	Midwest
1969	WYOMING	2.43	1769000	West
1970	ALABAMA	13.94	3446000	South
1970	ALASKA	33.61	0	West
1970	ARIZONA	53.05	285000	West
1970	ARKANSAS	1.66	1682000	South
1970	CALIFORNIA	9.55	1902000	West
1970	COLORADO	10.41	19394000	West
1970	CONNECTICUT	3.82	2120000	Northeast
1970	DELAWARE	47.46	2964000	South
1970	DISTRICT OF COLUMBIA	46	534000	South
1970	FLORIDA	20.19	778000	South
1970	GEORGIA	0.36	6433000	South
1970	HAWAII	23.86	0	West
1970	IDAHO	13.32	4482000	West
1970	ILLINOIS	29.38	734000	Midwest
1970	INDIANA	5.5	695000	Midwest
1970	IOWA	31.42	10995000	Midwest
1970	KANSAS	3.35	5093000	Midwest
1970	KENTUCKY	32.39	2803000	South
1970	LOUISIANA	8.34	2216000	South
1970	MAINE	41.48	3195000	Northeast
1970	MARYLAND	34.61	3603000	South
1970	MASSACHUSETTS	15.75	994000	Northeast
1970	MICHIGAN	20.28	3815000	Midwest
1970	MINNESOTA	1.29	5618000	Midwest
1970	MISSISSIPPI	6.07	8696000	South
1970	MISSOURI	16.45	3703000	Midwest
1970	MONTANA	16.01	2219000	West
1970	NEBRSKA	52.32	4568000	Midwest
1970	NEVADA	4.03	700000	West
1970	NEW HAMPSHIRE	8.4	1467000	Northeast
1970	NEW JERSEY	23.46	464000	Northeast
1970	NEW MEXICO	28.59	709000	West
1970	NEW YORK	8.57	7005000	Northeast
1970	NORTH CAROLINA	19.47	994000	South
1970	NORTH DAKOTA	51.25	18051000	Midwest
1970	OHIO	37.7	5004000	Midwest
1970	OKLAHOMA	30.63	621000	South
1970	OREGON	21.15	10516000	West
1970	RHODE ISLAND	11.4	2004000	Northeast
1970	SOUTH CAROLINA	24.01	11741000	South
1970	SOUTH DAKOTA	15.79	922000	Midwest
1970	TENNESSEE	13.53	2559000	South
1970	TEXAS	72.35	669000	South
1970	UTAH	3.52	3878000	West
1970	VERMONT	1.98	10819000	Northeast
1970	VIRGINIA	51.91	1029000	South
1970	WASHINGTON	19.71	430000	West
1970	WEST VIRGINIA	19.73	4558000	South
1970	WISCONSIN	31.02	3270000	Midwest
1970	WYOMING	3.23	1763000	West
